[
{
  "fields": {
    "org_name": "test-1.com",
    "name": "test-1.com",
    "reseller": null,
    "tax": "0.00",
    "created_at": "2016-11-08T12:50:46.860Z",
    "modified_at": "2016-11-08T14:09:22.319Z",
    "currency": "USD",
    "offline": false,
    "balance": "0.00",
    "type": "CUSTOMER"
  },
  "model": "core.customer",
  "pk": 1
},
{
  "fields": {
    "org_name": null,
    "name": "test-2.com",
    "reseller": null,
    "tax": "0.00",
    "created_at": "2016-11-08T12:50:46.919Z",
    "modified_at": "2016-11-08T12:50:46.919Z",
    "currency": "USD",
    "offline": false,
    "balance": "0.00",
    "type": "CUSTOMER"
  },
  "model": "core.customer",
  "pk": 2
},
{
  "fields": {
    "org_name": null,
    "name": "test-3.com",
    "reseller": null,
    "tax": "0.00",
    "created_at": "2016-11-08T12:50:47.012Z",
    "modified_at": "2016-11-08T12:50:47.013Z",
    "currency": "USD",
    "offline": false,
    "balance": "0.00",
    "type": "CUSTOMER"
  },
  "model": "core.customer",
  "pk": 3
},
{
  "fields": {
    "org_name": null,
    "name": "test-4.com",
    "reseller": null,
    "tax": "0.00",
    "created_at": "2016-11-08T12:50:47.090Z",
    "modified_at": "2016-11-08T12:50:47.090Z",
    "currency": "USD",
    "offline": false,
    "balance": "0.00",
    "type": "CUSTOMER"
  },
  "model": "core.customer",
  "pk": 4
},
{
  "fields": {
    "org_name": null,
    "name": "test-5.com",
    "reseller": null,
    "tax": "0.00",
    "created_at": "2016-11-08T12:50:47.167Z",
    "modified_at": "2016-11-08T12:50:47.168Z",
    "currency": "USD",
    "offline": false,
    "balance": "0.00",
    "type": "CUSTOMER"
  },
  "model": "core.customer",
  "pk": 5
},
{
  "fields": {
    "org_name": null,
    "name": "test-6.com",
    "reseller": null,
    "tax": "0.00",
    "created_at": "2016-11-08T12:50:47.252Z",
    "modified_at": "2016-11-08T12:50:47.253Z",
    "currency": "USD",
    "offline": false,
    "balance": "0.00",
    "type": "CUSTOMER"
  },
  "model": "core.customer",
  "pk": 6
},
{
  "fields": {
    "customer": 2,
    "city": "Lake Yesenia",
    "country": "Botswana",
    "created_at": "2016-11-08T12:50:46.963Z",
    "modified_at": "2016-11-08T12:50:46.964Z",
    "state": "Nebraska",
    "address": "6484 Richard Lights Suite 192\nPort Andrew, NV 87816-0714",
    "zip_code": "24766"
  },
  "model": "core.profile",
  "pk": 1
},
{
  "fields": {
    "customer": 3,
    "city": "Fordfort",
    "country": "Saint Vincent and the Grenadines",
    "created_at": "2016-11-08T12:50:47.052Z",
    "modified_at": "2016-11-08T12:50:47.052Z",
    "state": "North Dakota",
    "address": "85383 Nichols Square\nStevenschester, WI 22392",
    "zip_code": "80582"
  },
  "model": "core.profile",
  "pk": 2
},
{
  "fields": {
    "customer": 4,
    "city": "Christopherview",
    "country": "Western Sahara",
    "created_at": "2016-11-08T12:50:47.133Z",
    "modified_at": "2016-11-08T12:50:47.133Z",
    "state": "Nebraska",
    "address": "375 Christopher Mountains\nEast Patricialand, FL 92201-2292",
    "zip_code": "45240"
  },
  "model": "core.profile",
  "pk": 3
},
{
  "fields": {
    "customer": 5,
    "city": "Oliverburgh",
    "country": "Azerbaijan",
    "created_at": "2016-11-08T12:50:47.211Z",
    "modified_at": "2016-11-08T12:50:47.211Z",
    "state": "Missouri",
    "address": "72092 Dawn Land\nLake Kimberlyfort, MS 40048",
    "zip_code": "41689"
  },
  "model": "core.profile",
  "pk": 4
},
{
  "fields": {
    "customer": 6,
    "city": "East Josestad",
    "country": "Albania",
    "created_at": "2016-11-08T12:50:47.302Z",
    "modified_at": "2016-11-08T12:50:47.303Z",
    "state": "California",
    "address": "7979 Hogan Plains\nHaynesshire, CA 44976-3560",
    "zip_code": "04929"
  },
  "model": "core.profile",
  "pk": 5
},
{
  "fields": {
    "customer": 1,
    "org_name": "test-1.com",
    "name": "test-1.com",
    "reseller": "",
    "apps_expiry": null,
    "secondary_email": null,
    "country": null,
    "created_at": "2016-11-08T12:50:46.883Z",
    "modified_at": "2016-11-08T12:50:46.884Z",
    "primary": false,
    "apps_creation": null,
    "apps_version": null,
    "users": 13,
    "max_licenses": 0,
    "lang": null
  },
  "model": "core.vendorprofile",
  "pk": 1
},
{
  "fields": {
    "customer": 2,
    "org_name": "test-2.com",
    "name": "test-2.com",
    "reseller": null,
    "apps_expiry": null,
    "secondary_email": null,
    "country": null,
    "created_at": "2016-11-08T12:50:46.938Z",
    "modified_at": "2016-11-08T12:50:46.939Z",
    "primary": false,
    "apps_creation": null,
    "apps_version": null,
    "users": 5,
    "max_licenses": 0,
    "lang": null
  },
  "model": "core.vendorprofile",
  "pk": 2
},
{
  "fields": {
    "customer": 3,
    "org_name": "test-3.com",
    "name": "test-3.com",
    "reseller": null,
    "apps_expiry": null,
    "secondary_email": null,
    "country": null,
    "created_at": "2016-11-08T12:50:47.030Z",
    "modified_at": "2016-11-08T12:50:47.031Z",
    "primary": false,
    "apps_creation": null,
    "apps_version": null,
    "users": 8,
    "max_licenses": 0,
    "lang": null
  },
  "model": "core.vendorprofile",
  "pk": 3
},
{
  "fields": {
    "customer": 4,
    "org_name": "test-4.com",
    "name": "test-4.com",
    "reseller": null,
    "apps_expiry": null,
    "secondary_email": null,
    "country": null,
    "created_at": "2016-11-08T12:50:47.105Z",
    "modified_at": "2016-11-08T12:50:47.106Z",
    "primary": false,
    "apps_creation": null,
    "apps_version": null,
    "users": 20,
    "max_licenses": 0,
    "lang": null
  },
  "model": "core.vendorprofile",
  "pk": 4
},
{
  "fields": {
    "customer": 5,
    "org_name": "test-5.com",
    "name": "test-5.com",
    "reseller": null,
    "apps_expiry": null,
    "secondary_email": null,
    "country": null,
    "created_at": "2016-11-08T12:50:47.186Z",
    "modified_at": "2016-11-08T12:50:47.186Z",
    "primary": false,
    "apps_creation": null,
    "apps_version": null,
    "users": 15,
    "max_licenses": 0,
    "lang": null
  },
  "model": "core.vendorprofile",
  "pk": 5
},
{
  "fields": {
    "customer": 6,
    "org_name": "test-6.com",
    "name": "test-6.com",
    "reseller": null,
    "apps_expiry": null,
    "secondary_email": null,
    "country": null,
    "created_at": "2016-11-08T12:50:47.270Z",
    "modified_at": "2016-11-08T12:50:47.271Z",
    "primary": false,
    "apps_creation": null,
    "apps_version": null,
    "users": 90,
    "max_licenses": 0,
    "lang": null
  },
  "model": "core.vendorprofile",
  "pk": 6
},
{
  "fields": {
    "customer": 1,
    "phone_number": "123456789",
    "name": "admin test-1.com",
    "function": null,
    "created_at": "2016-11-08T12:50:46.866Z",
    "modified_at": "2016-11-08T14:09:22.307Z",
    "contact_email": "admin@test-1.com",
    "auth_user": 2,
    "role": "BUYER",
    "email": "admin@test-1.com",
    "mock": true,
    "description": "new customer, 13 users, eval"
  },
  "model": "core.user",
  "pk": 1
},
{
  "fields": {
    "customer": 2,
    "phone_number": "1-354-814-3246",
    "name": "admin test-2.com",
    "function": null,
    "created_at": "2016-11-08T12:50:46.923Z",
    "modified_at": "2016-11-08T12:50:46.972Z",
    "contact_email": null,
    "auth_user": 3,
    "role": "BUYER",
    "email": "admin@test-2.com",
    "mock": true,
    "description": "paid customer, 5 users, basic plan, monthly payment"
  },
  "model": "core.user",
  "pk": 2
},
{
  "fields": {
    "customer": 3,
    "phone_number": "1-460-443-8039",
    "name": "admin test-3.com",
    "function": null,
    "created_at": "2016-11-08T12:50:47.019Z",
    "modified_at": "2016-11-08T12:50:47.063Z",
    "contact_email": null,
    "auth_user": 4,
    "role": "BUYER",
    "email": "admin@test-3.com",
    "mock": true,
    "description": "paid customer, 8 users, pro plan, yearly payment"
  },
  "model": "core.user",
  "pk": 3
},
{
  "fields": {
    "customer": 4,
    "phone_number": "010.574.6425",
    "name": "admin test-4.com",
    "function": null,
    "created_at": "2016-11-08T12:50:47.094Z",
    "modified_at": "2016-11-08T12:50:47.141Z",
    "contact_email": null,
    "auth_user": 5,
    "role": "BUYER",
    "email": "admin@test-4.com",
    "mock": true,
    "description": "paid customer, 20 users, per user, pro plan, monthly payment"
  },
  "model": "core.user",
  "pk": 4
},
{
  "fields": {
    "customer": 5,
    "phone_number": "748-635-2074x02374",
    "name": "admin test-5.com",
    "function": null,
    "created_at": "2016-11-08T12:50:47.172Z",
    "modified_at": "2016-11-08T12:50:47.220Z",
    "contact_email": null,
    "auth_user": 6,
    "role": "BUYER",
    "email": "admin@test-5.com",
    "mock": true,
    "description": "paid customer 20 users pack, pro plan, yearly payment"
  },
  "model": "core.user",
  "pk": 5
},
{
  "fields": {
    "customer": 6,
    "phone_number": "(511)926-9846x93496",
    "name": "admin test-6.com",
    "function": null,
    "created_at": "2016-11-08T12:50:47.259Z",
    "modified_at": "2016-11-08T12:50:47.317Z",
    "contact_email": null,
    "auth_user": 7,
    "role": "BUYER",
    "email": "admin@test-6.com",
    "mock": true,
    "description": "paid customer 100 users pack, pro plan, yearly payment"
  },
  "model": "core.user",
  "pk": 6
},
{
  "fields": {
    "code": "gsc_pro_1_5-annual_yearly",
    "display_name": null,
    "name": "GSC professional version (1-5) Users (annual yearly)",
    "created_at": "2016-11-08T12:50:44.231Z",
    "modified_at": "2016-11-08T12:50:46.537Z",
    "vendor": null,
    "version": "PRO",
    "plan": "ANNUAL_YEARLY",
    "list_price": "0.00",
    "tier_name": "1 - 5",
    "french_name": null,
    "type": "SUBSCRIPTION",
    "purchase_price": "0.00",
    "tier_number": 5
  },
  "model": "core.product",
  "pk": 1
},
{
  "fields": {
    "code": "gsc_pro_1_5-flex_prepaid",
    "display_name": null,
    "name": "GSC professional version (1-5) Users (flex prepaid)",
    "created_at": "2016-11-08T12:50:44.242Z",
    "modified_at": "2016-11-08T12:50:46.546Z",
    "vendor": null,
    "version": "PRO",
    "plan": "FLEX_PREPAID",
    "list_price": "0.00",
    "tier_name": "1 - 5",
    "french_name": null,
    "type": "SUBSCRIPTION",
    "purchase_price": "0.00",
    "tier_number": 5
  },
  "model": "core.product",
  "pk": 2
},
{
  "fields": {
    "code": "gsc_enterprise_1_5-annual_yearly",
    "display_name": null,
    "name": "GSC enterprise version (1-5) Users (annual yearly)",
    "created_at": "2016-11-08T12:50:44.249Z",
    "modified_at": "2016-11-08T12:50:46.553Z",
    "vendor": null,
    "version": "ENTERPRISE",
    "plan": "ANNUAL_YEARLY",
    "list_price": "0.00",
    "tier_name": "1 - 5",
    "french_name": null,
    "type": "SUBSCRIPTION",
    "purchase_price": "0.00",
    "tier_number": 5
  },
  "model": "core.product",
  "pk": 3
},
{
  "fields": {
    "code": "gsc_enterprise_1_5-flex_prepaid",
    "display_name": null,
    "name": "GSC enterprise version (1-5) Users (flex prepaid)",
    "created_at": "2016-11-08T12:50:44.262Z",
    "modified_at": "2016-11-08T12:50:46.567Z",
    "vendor": null,
    "version": "ENTERPRISE",
    "plan": "FLEX_PREPAID",
    "list_price": "0.00",
    "tier_name": "1 - 5",
    "french_name": null,
    "type": "SUBSCRIPTION",
    "purchase_price": "0.00",
    "tier_number": 5
  },
  "model": "core.product",
  "pk": 4
},
{
  "fields": {
    "code": "gsc_pro_6_10-annual_yearly",
    "display_name": null,
    "name": "GSC professional version (6-10) Users (annual yearly)",
    "created_at": "2016-11-08T12:50:44.271Z",
    "modified_at": "2016-11-08T12:50:46.577Z",
    "vendor": null,
    "version": "PRO",
    "plan": "ANNUAL_YEARLY",
    "list_price": "0.00",
    "tier_name": "6 - 10",
    "french_name": null,
    "type": "SUBSCRIPTION",
    "purchase_price": "0.00",
    "tier_number": 10
  },
  "model": "core.product",
  "pk": 5
},
{
  "fields": {
    "code": "gsc_pro_6_10-flex_prepaid",
    "display_name": null,
    "name": "GSC professional version (6-10) Users (flex prepaid)",
    "created_at": "2016-11-08T12:50:44.281Z",
    "modified_at": "2016-11-08T12:50:46.589Z",
    "vendor": null,
    "version": "PRO",
    "plan": "FLEX_PREPAID",
    "list_price": "0.00",
    "tier_name": "6 - 10",
    "french_name": null,
    "type": "SUBSCRIPTION",
    "purchase_price": "0.00",
    "tier_number": 10
  },
  "model": "core.product",
  "pk": 6
},
{
  "fields": {
    "code": "gsc_enterprise_6_10-annual_yearly",
    "display_name": null,
    "name": "GSC enterprise version (6-10) Users (annual yearly)",
    "created_at": "2016-11-08T12:50:44.289Z",
    "modified_at": "2016-11-08T12:50:46.597Z",
    "vendor": null,
    "version": "ENTERPRISE",
    "plan": "ANNUAL_YEARLY",
    "list_price": "0.00",
    "tier_name": "6 - 10",
    "french_name": null,
    "type": "SUBSCRIPTION",
    "purchase_price": "0.00",
    "tier_number": 10
  },
  "model": "core.product",
  "pk": 7
},
{
  "fields": {
    "code": "gsc_enterprise_6_10-flex_prepaid",
    "display_name": null,
    "name": "GSC enterprise version (6-10) Users (flex prepaid)",
    "created_at": "2016-11-08T12:50:44.296Z",
    "modified_at": "2016-11-08T12:50:46.608Z",
    "vendor": null,
    "version": "ENTERPRISE",
    "plan": "FLEX_PREPAID",
    "list_price": "0.00",
    "tier_name": "6 - 10",
    "french_name": null,
    "type": "SUBSCRIPTION",
    "purchase_price": "0.00",
    "tier_number": 10
  },
  "model": "core.product",
  "pk": 8
},
{
  "fields": {
    "code": "gsc_pro_11_20-annual_yearly",
    "display_name": null,
    "name": "GSC professional version (11-20) Users (annual yearly)",
    "created_at": "2016-11-08T12:50:44.305Z",
    "modified_at": "2016-11-08T12:50:46.619Z",
    "vendor": null,
    "version": "PRO",
    "plan": "ANNUAL_YEARLY",
    "list_price": "0.00",
    "tier_name": "11 - 20",
    "french_name": null,
    "type": "SUBSCRIPTION",
    "purchase_price": "0.00",
    "tier_number": 20
  },
  "model": "core.product",
  "pk": 9
},
{
  "fields": {
    "code": "gsc_pro_11_20-flex_prepaid",
    "display_name": null,
    "name": "GSC professional version (11-20) Users (flex prepaid)",
    "created_at": "2016-11-08T12:50:44.317Z",
    "modified_at": "2016-11-08T12:50:46.627Z",
    "vendor": null,
    "version": "PRO",
    "plan": "FLEX_PREPAID",
    "list_price": "0.00",
    "tier_name": "11 - 20",
    "french_name": null,
    "type": "SUBSCRIPTION",
    "purchase_price": "0.00",
    "tier_number": 20
  },
  "model": "core.product",
  "pk": 10
},
{
  "fields": {
    "code": "gsc_enterprise_11_20-annual_yearly",
    "display_name": null,
    "name": "GSC enterprise version (11-20) Users (annual yearly)",
    "created_at": "2016-11-08T12:50:44.325Z",
    "modified_at": "2016-11-08T12:50:46.638Z",
    "vendor": null,
    "version": "ENTERPRISE",
    "plan": "ANNUAL_YEARLY",
    "list_price": "0.00",
    "tier_name": "11 - 20",
    "french_name": null,
    "type": "SUBSCRIPTION",
    "purchase_price": "0.00",
    "tier_number": 20
  },
  "model": "core.product",
  "pk": 11
},
{
  "fields": {
    "code": "gsc_enterprise_11_20-flex_prepaid",
    "display_name": null,
    "name": "GSC enterprise version (11-20) Users (flex prepaid)",
    "created_at": "2016-11-08T12:50:44.341Z",
    "modified_at": "2016-11-08T12:50:46.646Z",
    "vendor": null,
    "version": "ENTERPRISE",
    "plan": "FLEX_PREPAID",
    "list_price": "0.00",
    "tier_name": "11 - 20",
    "french_name": null,
    "type": "SUBSCRIPTION",
    "purchase_price": "0.00",
    "tier_number": 20
  },
  "model": "core.product",
  "pk": 12
},
{
  "fields": {
    "code": "gsc_pro_21_50-annual_yearly",
    "display_name": null,
    "name": "GSC professional version (21-50) Users (annual yearly)",
    "created_at": "2016-11-08T12:50:44.350Z",
    "modified_at": "2016-11-08T12:50:46.660Z",
    "vendor": null,
    "version": "PRO",
    "plan": "ANNUAL_YEARLY",
    "list_price": "0.00",
    "tier_name": "21 - 50",
    "french_name": null,
    "type": "SUBSCRIPTION",
    "purchase_price": "0.00",
    "tier_number": 50
  },
  "model": "core.product",
  "pk": 13
},
{
  "fields": {
    "code": "gsc_pro_21_50-flex_prepaid",
    "display_name": null,
    "name": "GSC professional version (21-50) Users (flex prepaid)",
    "created_at": "2016-11-08T12:50:44.361Z",
    "modified_at": "2016-11-08T12:50:46.672Z",
    "vendor": null,
    "version": "PRO",
    "plan": "FLEX_PREPAID",
    "list_price": "0.00",
    "tier_name": "21 - 50",
    "french_name": null,
    "type": "SUBSCRIPTION",
    "purchase_price": "0.00",
    "tier_number": 50
  },
  "model": "core.product",
  "pk": 14
},
{
  "fields": {
    "code": "gsc_enterprise_21_50-annual_yearly",
    "display_name": null,
    "name": "GSC enterprise version (21-50) Users (annual yearly)",
    "created_at": "2016-11-08T12:50:44.370Z",
    "modified_at": "2016-11-08T12:50:46.684Z",
    "vendor": null,
    "version": "ENTERPRISE",
    "plan": "ANNUAL_YEARLY",
    "list_price": "0.00",
    "tier_name": "21 - 50",
    "french_name": null,
    "type": "SUBSCRIPTION",
    "purchase_price": "0.00",
    "tier_number": 50
  },
  "model": "core.product",
  "pk": 15
},
{
  "fields": {
    "code": "gsc_enterprise_21_50-flex_prepaid",
    "display_name": null,
    "name": "GSC enterprise version (21-50) Users (flex prepaid)",
    "created_at": "2016-11-08T12:50:44.378Z",
    "modified_at": "2016-11-08T12:50:46.700Z",
    "vendor": null,
    "version": "ENTERPRISE",
    "plan": "FLEX_PREPAID",
    "list_price": "0.00",
    "tier_name": "21 - 50",
    "french_name": null,
    "type": "SUBSCRIPTION",
    "purchase_price": "0.00",
    "tier_number": 50
  },
  "model": "core.product",
  "pk": 16
},
{
  "fields": {
    "code": "gsc_pro_51_100-annual_yearly",
    "display_name": null,
    "name": "GSC professional version (51-100) Users (annual yearly)",
    "created_at": "2016-11-08T12:50:44.385Z",
    "modified_at": "2016-11-08T12:50:46.715Z",
    "vendor": null,
    "version": "PRO",
    "plan": "ANNUAL_YEARLY",
    "list_price": "0.00",
    "tier_name": "51 - 100",
    "french_name": null,
    "type": "SUBSCRIPTION",
    "purchase_price": "0.00",
    "tier_number": 100
  },
  "model": "core.product",
  "pk": 17
},
{
  "fields": {
    "code": "gsc_pro_51_100-flex_prepaid",
    "display_name": null,
    "name": "GSC professional version (51-100) Users (flex prepaid)",
    "created_at": "2016-11-08T12:50:44.395Z",
    "modified_at": "2016-11-08T12:50:46.723Z",
    "vendor": null,
    "version": "PRO",
    "plan": "FLEX_PREPAID",
    "list_price": "0.00",
    "tier_name": "51 - 100",
    "french_name": null,
    "type": "SUBSCRIPTION",
    "purchase_price": "0.00",
    "tier_number": 100
  },
  "model": "core.product",
  "pk": 18
},
{
  "fields": {
    "code": "gsc_enterprise_51_100-annual_yearly",
    "display_name": null,
    "name": "GSC enterprise version (51-100) Users (annual yearly)",
    "created_at": "2016-11-08T12:50:44.403Z",
    "modified_at": "2016-11-08T12:50:46.732Z",
    "vendor": null,
    "version": "ENTERPRISE",
    "plan": "ANNUAL_YEARLY",
    "list_price": "0.00",
    "tier_name": "51 - 100",
    "french_name": null,
    "type": "SUBSCRIPTION",
    "purchase_price": "0.00",
    "tier_number": 100
  },
  "model": "core.product",
  "pk": 19
},
{
  "fields": {
    "code": "gsc_enterprise_51_100-flex_prepaid",
    "display_name": null,
    "name": "GSC enterprise version (51-100) Users (flex prepaid)",
    "created_at": "2016-11-08T12:50:44.414Z",
    "modified_at": "2016-11-08T12:50:46.739Z",
    "vendor": null,
    "version": "ENTERPRISE",
    "plan": "FLEX_PREPAID",
    "list_price": "0.00",
    "tier_name": "51 - 100",
    "french_name": null,
    "type": "SUBSCRIPTION",
    "purchase_price": "0.00",
    "tier_number": 100
  },
  "model": "core.product",
  "pk": 20
},
{
  "fields": {
    "code": "gsc_pro_101_500-annual_yearly",
    "display_name": null,
    "name": "GSC professional version (101-500) Users (annual yearly)",
    "created_at": "2016-11-08T12:50:44.422Z",
    "modified_at": "2016-11-08T12:50:46.747Z",
    "vendor": null,
    "version": "PRO",
    "plan": "ANNUAL_YEARLY",
    "list_price": "0.00",
    "tier_name": "101 - 500",
    "french_name": null,
    "type": "SUBSCRIPTION",
    "purchase_price": "0.00",
    "tier_number": 500
  },
  "model": "core.product",
  "pk": 21
},
{
  "fields": {
    "code": "gsc_pro_101_500-flex_prepaid",
    "display_name": null,
    "name": "GSC professional version (101-500) Users (flex prepaid)",
    "created_at": "2016-11-08T12:50:44.430Z",
    "modified_at": "2016-11-08T12:50:46.753Z",
    "vendor": null,
    "version": "PRO",
    "plan": "FLEX_PREPAID",
    "list_price": "0.00",
    "tier_name": "101 - 500",
    "french_name": null,
    "type": "SUBSCRIPTION",
    "purchase_price": "0.00",
    "tier_number": 500
  },
  "model": "core.product",
  "pk": 22
},
{
  "fields": {
    "code": "gsc_enterprise_101_500-annual_yearly",
    "display_name": null,
    "name": "GSC enterprise version (101-500) Users (annual yearly)",
    "created_at": "2016-11-08T12:50:44.438Z",
    "modified_at": "2016-11-08T12:50:46.765Z",
    "vendor": null,
    "version": "ENTERPRISE",
    "plan": "ANNUAL_YEARLY",
    "list_price": "0.00",
    "tier_name": "101 - 500",
    "french_name": null,
    "type": "SUBSCRIPTION",
    "purchase_price": "0.00",
    "tier_number": 500
  },
  "model": "core.product",
  "pk": 23
},
{
  "fields": {
    "code": "gsc_enterprise_101_500-flex_prepaid",
    "display_name": null,
    "name": "GSC enterprise version (101-500) Users (flex prepaid)",
    "created_at": "2016-11-08T12:50:44.445Z",
    "modified_at": "2016-11-08T12:50:46.772Z",
    "vendor": null,
    "version": "ENTERPRISE",
    "plan": "FLEX_PREPAID",
    "list_price": "0.00",
    "tier_name": "101 - 500",
    "french_name": null,
    "type": "SUBSCRIPTION",
    "purchase_price": "0.00",
    "tier_number": 500
  },
  "model": "core.product",
  "pk": 24
},
{
  "fields": {
    "code": "gsc_pro_501_1000-annual_yearly",
    "display_name": null,
    "name": "GSC professional version (501-1000) Users (annual yearly)",
    "created_at": "2016-11-08T12:50:44.457Z",
    "modified_at": "2016-11-08T12:50:46.781Z",
    "vendor": null,
    "version": "PRO",
    "plan": "ANNUAL_YEARLY",
    "list_price": "0.00",
    "tier_name": "501 - 1000",
    "french_name": null,
    "type": "SUBSCRIPTION",
    "purchase_price": "0.00",
    "tier_number": 1000
  },
  "model": "core.product",
  "pk": 25
},
{
  "fields": {
    "code": "gsc_pro_501_1000-flex_prepaid",
    "display_name": null,
    "name": "GSC professional version (501-1000) Users (flex prepaid)",
    "created_at": "2016-11-08T12:50:44.467Z",
    "modified_at": "2016-11-08T12:50:46.788Z",
    "vendor": null,
    "version": "PRO",
    "plan": "FLEX_PREPAID",
    "list_price": "0.00",
    "tier_name": "501 - 1000",
    "french_name": null,
    "type": "SUBSCRIPTION",
    "purchase_price": "0.00",
    "tier_number": 1000
  },
  "model": "core.product",
  "pk": 26
},
{
  "fields": {
    "code": "gsc_enterprise_501_1000-annual_yearly",
    "display_name": null,
    "name": "GSC enterprise version (501-1000) Users (annual yearly)",
    "created_at": "2016-11-08T12:50:44.476Z",
    "modified_at": "2016-11-08T12:50:46.795Z",
    "vendor": null,
    "version": "ENTERPRISE",
    "plan": "ANNUAL_YEARLY",
    "list_price": "0.00",
    "tier_name": "501 - 1000",
    "french_name": null,
    "type": "SUBSCRIPTION",
    "purchase_price": "0.00",
    "tier_number": 1000
  },
  "model": "core.product",
  "pk": 27
},
{
  "fields": {
    "code": "gsc_enterprise_501_1000-flex_prepaid",
    "display_name": null,
    "name": "GSC enterprise version (501-1000) Users (flex prepaid)",
    "created_at": "2016-11-08T12:50:44.483Z",
    "modified_at": "2016-11-08T12:50:46.802Z",
    "vendor": null,
    "version": "ENTERPRISE",
    "plan": "FLEX_PREPAID",
    "list_price": "0.00",
    "tier_name": "501 - 1000",
    "french_name": null,
    "type": "SUBSCRIPTION",
    "purchase_price": "0.00",
    "tier_number": 1000
  },
  "model": "core.product",
  "pk": 28
},
{
  "fields": {
    "code": "gsc_pro_1001_99999-annual_yearly",
    "display_name": null,
    "name": "GSC professional version (1001-99999) Users (annual yearly)",
    "created_at": "2016-11-08T12:50:44.491Z",
    "modified_at": "2016-11-08T12:50:46.812Z",
    "vendor": null,
    "version": "PRO",
    "plan": "ANNUAL_YEARLY",
    "list_price": "0.00",
    "tier_name": "1001 - 99999",
    "french_name": null,
    "type": "SUBSCRIPTION",
    "purchase_price": "0.00",
    "tier_number": 99999
  },
  "model": "core.product",
  "pk": 29
},
{
  "fields": {
    "code": "gsc_pro_1001_99999-flex_prepaid",
    "display_name": null,
    "name": "GSC professional version (1001-99999) Users (flex prepaid)",
    "created_at": "2016-11-08T12:50:44.502Z",
    "modified_at": "2016-11-08T12:50:46.819Z",
    "vendor": null,
    "version": "PRO",
    "plan": "FLEX_PREPAID",
    "list_price": "0.00",
    "tier_name": "1001 - 99999",
    "french_name": null,
    "type": "SUBSCRIPTION",
    "purchase_price": "0.00",
    "tier_number": 99999
  },
  "model": "core.product",
  "pk": 30
},
{
  "fields": {
    "code": "gsc_enterprise_1001_99999-annual_yearly",
    "display_name": null,
    "name": "GSC enterprise version (1001-99999) Users (annual yearly)",
    "created_at": "2016-11-08T12:50:44.518Z",
    "modified_at": "2016-11-08T12:50:46.827Z",
    "vendor": null,
    "version": "ENTERPRISE",
    "plan": "ANNUAL_YEARLY",
    "list_price": "0.00",
    "tier_name": "1001 - 99999",
    "french_name": null,
    "type": "SUBSCRIPTION",
    "purchase_price": "0.00",
    "tier_number": 99999
  },
  "model": "core.product",
  "pk": 31
},
{
  "fields": {
    "code": "gsc_enterprise_1001_99999-flex_prepaid",
    "display_name": null,
    "name": "GSC enterprise version (1001-99999) Users (flex prepaid)",
    "created_at": "2016-11-08T12:50:44.528Z",
    "modified_at": "2016-11-08T12:50:46.836Z",
    "vendor": null,
    "version": "ENTERPRISE",
    "plan": "FLEX_PREPAID",
    "list_price": "0.00",
    "tier_name": "1001 - 99999",
    "french_name": null,
    "type": "SUBSCRIPTION",
    "purchase_price": "0.00",
    "tier_number": 99999
  },
  "model": "core.product",
  "pk": 32
},
{
  "fields": {
    "code": "gsc_basic_1_5-annual_yearly",
    "display_name": null,
    "name": "GSC basic version (1-5) Users (annual yearly)",
    "created_at": "2016-11-08T12:50:44.536Z",
    "modified_at": "2016-11-08T12:50:46.843Z",
    "vendor": null,
    "version": "BASIC",
    "plan": "ANNUAL_YEARLY",
    "list_price": "0.00",
    "tier_name": "1 - 5",
    "french_name": null,
    "type": "SUBSCRIPTION",
    "purchase_price": "0.00",
    "tier_number": 5
  },
  "model": "core.product",
  "pk": 33
},
{
  "fields": {
    "code": "gsc_basic_1_5-flex_prepaid",
    "display_name": null,
    "name": "GSC basic version (1-5) Users (flex prepaid)",
    "created_at": "2016-11-08T12:50:44.545Z",
    "modified_at": "2016-11-08T12:50:46.850Z",
    "vendor": null,
    "version": "BASIC",
    "plan": "FLEX_PREPAID",
    "list_price": "0.00",
    "tier_name": "1 - 5",
    "french_name": null,
    "type": "SUBSCRIPTION",
    "purchase_price": "0.00",
    "tier_number": 5
  },
  "model": "core.product",
  "pk": 34
},
{
  "fields": {
    "code": "gsc_basic_annual_yearly",
    "display_name": null,
    "name": "GSC basic version (annual yearly)",
    "created_at": "2016-11-08T12:50:44.552Z",
    "modified_at": "2016-11-08T12:50:46.473Z",
    "vendor": null,
    "version": "BASIC",
    "plan": "ANNUAL_YEARLY",
    "list_price": "0.00",
    "tier_name": null,
    "french_name": null,
    "type": "SUBSCRIPTION",
    "purchase_price": "0.00",
    "tier_number": -1
  },
  "model": "core.product",
  "pk": 35
},
{
  "fields": {
    "code": "gsc_basic_flex_prepaid",
    "display_name": null,
    "name": "GSC basic version (flex prepaid)",
    "created_at": "2016-11-08T12:50:44.566Z",
    "modified_at": "2016-11-08T12:50:46.483Z",
    "vendor": null,
    "version": "BASIC",
    "plan": "FLEX_PREPAID",
    "list_price": "0.00",
    "tier_name": null,
    "french_name": null,
    "type": "SUBSCRIPTION",
    "purchase_price": "0.00",
    "tier_number": -1
  },
  "model": "core.product",
  "pk": 36
},
{
  "fields": {
    "code": "gsc_pro_annual_yearly",
    "display_name": null,
    "name": "GSC professional version (annual yearly)",
    "created_at": "2016-11-08T12:50:44.574Z",
    "modified_at": "2016-11-08T12:50:46.491Z",
    "vendor": null,
    "version": "PRO",
    "plan": "ANNUAL_YEARLY",
    "list_price": "0.00",
    "tier_name": null,
    "french_name": null,
    "type": "SUBSCRIPTION",
    "purchase_price": "0.00",
    "tier_number": -1
  },
  "model": "core.product",
  "pk": 37
},
{
  "fields": {
    "code": "gsc_pro_flex_prepaid",
    "display_name": null,
    "name": "GSC professional version (flex prepaid)",
    "created_at": "2016-11-08T12:50:44.583Z",
    "modified_at": "2016-11-08T12:50:46.499Z",
    "vendor": null,
    "version": "PRO",
    "plan": "FLEX_PREPAID",
    "list_price": "0.00",
    "tier_name": null,
    "french_name": null,
    "type": "SUBSCRIPTION",
    "purchase_price": "0.00",
    "tier_number": -1
  },
  "model": "core.product",
  "pk": 38
},
{
  "fields": {
    "code": "gsc_enterprise_annual_yearly",
    "display_name": null,
    "name": "GSC enterprise version (annual yearly)",
    "created_at": "2016-11-08T12:50:44.590Z",
    "modified_at": "2016-11-08T12:50:46.512Z",
    "vendor": null,
    "version": "ENTERPRISE",
    "plan": "ANNUAL_YEARLY",
    "list_price": "0.00",
    "tier_name": null,
    "french_name": null,
    "type": "SUBSCRIPTION",
    "purchase_price": "0.00",
    "tier_number": -1
  },
  "model": "core.product",
  "pk": 39
},
{
  "fields": {
    "code": "gsc_enterprise_flex_prepaid",
    "display_name": null,
    "name": "GSC enterprise version (flex prepaid)",
    "created_at": "2016-11-08T12:50:44.597Z",
    "modified_at": "2016-11-08T12:50:46.524Z",
    "vendor": null,
    "version": "ENTERPRISE",
    "plan": "FLEX_PREPAID",
    "list_price": "0.00",
    "tier_name": null,
    "french_name": null,
    "type": "SUBSCRIPTION",
    "purchase_price": "0.00",
    "tier_number": -1
  },
  "model": "core.product",
  "pk": 40
},
{
  "fields": {
    "product_type": "GSC",
    "name": "GSC Standard prices",
    "default": true,
    "created_at": "2016-11-08T12:50:44.226Z",
    "oid": 2,
    "modified_at": "2016-11-08T12:50:44.226Z"
  },
  "model": "core.catalog",
  "pk": 1
},
{
  "fields": {
    "product_type": "GSC",
    "name": "GSC -50% Discount",
    "default": false,
    "created_at": "2016-11-08T12:50:44.605Z",
    "oid": 3,
    "modified_at": "2016-11-08T12:50:44.605Z"
  },
  "model": "core.catalog",
  "pk": 2
},
{
  "fields": {
    "product_type": "GSC",
    "name": "GSC -20% Reseller Discount",
    "default": false,
    "created_at": "2016-11-08T12:50:45.007Z",
    "oid": 6,
    "modified_at": "2016-11-08T12:50:45.008Z"
  },
  "model": "core.catalog",
  "pk": 3
},
{
  "fields": {
    "product_type": "GSC",
    "name": "GSC -20% Discount",
    "default": false,
    "created_at": "2016-11-08T12:50:45.323Z",
    "oid": 12,
    "modified_at": "2016-11-08T12:50:45.323Z"
  },
  "model": "core.catalog",
  "pk": 4
},
{
  "fields": {
    "product_type": "GSC",
    "name": "GSC -15% Promotional Code",
    "default": false,
    "created_at": "2016-11-08T12:50:45.721Z",
    "oid": 14,
    "modified_at": "2016-11-08T12:50:45.721Z"
  },
  "model": "core.catalog",
  "pk": 5
},
{
  "fields": {
    "product_type": "GSC",
    "name": "GSC -30% Non-Profit Code",
    "default": false,
    "created_at": "2016-11-08T12:50:46.150Z",
    "oid": 15,
    "modified_at": "2016-11-08T12:50:46.150Z"
  },
  "model": "core.catalog",
  "pk": 6
},
{
  "fields": {
    "product_type": "GSC",
    "name": "Econsulting",
    "default": false,
    "created_at": "2016-11-08T12:50:46.534Z",
    "oid": 1,
    "modified_at": "2016-11-08T12:50:46.534Z"
  },
  "model": "core.catalog",
  "pk": 7
},
{
  "fields": {
    "price": "50.00",
    "per_user": false,
    "product": 1,
    "catalog": 1,
    "self_service": false
  },
  "model": "core.productcatalog",
  "pk": 1
},
{
  "fields": {
    "price": "5.00",
    "per_user": false,
    "product": 2,
    "catalog": 1,
    "self_service": false
  },
  "model": "core.productcatalog",
  "pk": 2
},
{
  "fields": {
    "price": "60.00",
    "per_user": false,
    "product": 3,
    "catalog": 1,
    "self_service": false
  },
  "model": "core.productcatalog",
  "pk": 3
},
{
  "fields": {
    "price": "6.00",
    "per_user": false,
    "product": 4,
    "catalog": 1,
    "self_service": false
  },
  "model": "core.productcatalog",
  "pk": 4
},
{
  "fields": {
    "price": "100.00",
    "per_user": false,
    "product": 5,
    "catalog": 1,
    "self_service": false
  },
  "model": "core.productcatalog",
  "pk": 5
},
{
  "fields": {
    "price": "10.00",
    "per_user": false,
    "product": 6,
    "catalog": 1,
    "self_service": false
  },
  "model": "core.productcatalog",
  "pk": 6
},
{
  "fields": {
    "price": "120.00",
    "per_user": false,
    "product": 7,
    "catalog": 1,
    "self_service": false
  },
  "model": "core.productcatalog",
  "pk": 7
},
{
  "fields": {
    "price": "12.00",
    "per_user": false,
    "product": 8,
    "catalog": 1,
    "self_service": false
  },
  "model": "core.productcatalog",
  "pk": 8
},
{
  "fields": {
    "price": "200.00",
    "per_user": false,
    "product": 9,
    "catalog": 1,
    "self_service": false
  },
  "model": "core.productcatalog",
  "pk": 9
},
{
  "fields": {
    "price": "20.00",
    "per_user": false,
    "product": 10,
    "catalog": 1,
    "self_service": false
  },
  "model": "core.productcatalog",
  "pk": 10
},
{
  "fields": {
    "price": "240.00",
    "per_user": false,
    "product": 11,
    "catalog": 1,
    "self_service": false
  },
  "model": "core.productcatalog",
  "pk": 11
},
{
  "fields": {
    "price": "24.00",
    "per_user": false,
    "product": 12,
    "catalog": 1,
    "self_service": false
  },
  "model": "core.productcatalog",
  "pk": 12
},
{
  "fields": {
    "price": "250.00",
    "per_user": false,
    "product": 13,
    "catalog": 1,
    "self_service": false
  },
  "model": "core.productcatalog",
  "pk": 13
},
{
  "fields": {
    "price": "25.00",
    "per_user": false,
    "product": 14,
    "catalog": 1,
    "self_service": false
  },
  "model": "core.productcatalog",
  "pk": 14
},
{
  "fields": {
    "price": "300.00",
    "per_user": false,
    "product": 15,
    "catalog": 1,
    "self_service": false
  },
  "model": "core.productcatalog",
  "pk": 15
},
{
  "fields": {
    "price": "30.00",
    "per_user": false,
    "product": 16,
    "catalog": 1,
    "self_service": false
  },
  "model": "core.productcatalog",
  "pk": 16
},
{
  "fields": {
    "price": "350.00",
    "per_user": false,
    "product": 17,
    "catalog": 1,
    "self_service": false
  },
  "model": "core.productcatalog",
  "pk": 17
},
{
  "fields": {
    "price": "35.00",
    "per_user": false,
    "product": 18,
    "catalog": 1,
    "self_service": false
  },
  "model": "core.productcatalog",
  "pk": 18
},
{
  "fields": {
    "price": "420.00",
    "per_user": false,
    "product": 19,
    "catalog": 1,
    "self_service": false
  },
  "model": "core.productcatalog",
  "pk": 19
},
{
  "fields": {
    "price": "42.00",
    "per_user": false,
    "product": 20,
    "catalog": 1,
    "self_service": false
  },
  "model": "core.productcatalog",
  "pk": 20
},
{
  "fields": {
    "price": "450.00",
    "per_user": false,
    "product": 21,
    "catalog": 1,
    "self_service": false
  },
  "model": "core.productcatalog",
  "pk": 21
},
{
  "fields": {
    "price": "45.00",
    "per_user": false,
    "product": 22,
    "catalog": 1,
    "self_service": false
  },
  "model": "core.productcatalog",
  "pk": 22
},
{
  "fields": {
    "price": "540.00",
    "per_user": false,
    "product": 23,
    "catalog": 1,
    "self_service": false
  },
  "model": "core.productcatalog",
  "pk": 23
},
{
  "fields": {
    "price": "54.00",
    "per_user": false,
    "product": 24,
    "catalog": 1,
    "self_service": false
  },
  "model": "core.productcatalog",
  "pk": 24
},
{
  "fields": {
    "price": "550.00",
    "per_user": false,
    "product": 25,
    "catalog": 1,
    "self_service": false
  },
  "model": "core.productcatalog",
  "pk": 25
},
{
  "fields": {
    "price": "55.00",
    "per_user": false,
    "product": 26,
    "catalog": 1,
    "self_service": false
  },
  "model": "core.productcatalog",
  "pk": 26
},
{
  "fields": {
    "price": "660.00",
    "per_user": false,
    "product": 27,
    "catalog": 1,
    "self_service": false
  },
  "model": "core.productcatalog",
  "pk": 27
},
{
  "fields": {
    "price": "66.00",
    "per_user": false,
    "product": 28,
    "catalog": 1,
    "self_service": false
  },
  "model": "core.productcatalog",
  "pk": 28
},
{
  "fields": {
    "price": "1250.00",
    "per_user": false,
    "product": 29,
    "catalog": 1,
    "self_service": false
  },
  "model": "core.productcatalog",
  "pk": 29
},
{
  "fields": {
    "price": "125.00",
    "per_user": false,
    "product": 30,
    "catalog": 1,
    "self_service": false
  },
  "model": "core.productcatalog",
  "pk": 30
},
{
  "fields": {
    "price": "1500.00",
    "per_user": false,
    "product": 31,
    "catalog": 1,
    "self_service": false
  },
  "model": "core.productcatalog",
  "pk": 31
},
{
  "fields": {
    "price": "150.00",
    "per_user": false,
    "product": 32,
    "catalog": 1,
    "self_service": false
  },
  "model": "core.productcatalog",
  "pk": 32
},
{
  "fields": {
    "price": "50.00",
    "per_user": false,
    "product": 33,
    "catalog": 1,
    "self_service": false
  },
  "model": "core.productcatalog",
  "pk": 33
},
{
  "fields": {
    "price": "5.00",
    "per_user": false,
    "product": 34,
    "catalog": 1,
    "self_service": false
  },
  "model": "core.productcatalog",
  "pk": 34
},
{
  "fields": {
    "price": "9.48",
    "per_user": true,
    "product": 35,
    "catalog": 1,
    "self_service": true
  },
  "model": "core.productcatalog",
  "pk": 35
},
{
  "fields": {
    "price": "1.00",
    "per_user": true,
    "product": 36,
    "catalog": 1,
    "self_service": true
  },
  "model": "core.productcatalog",
  "pk": 36
},
{
  "fields": {
    "price": "12.00",
    "per_user": true,
    "product": 37,
    "catalog": 1,
    "self_service": true
  },
  "model": "core.productcatalog",
  "pk": 37
},
{
  "fields": {
    "price": "1.29",
    "per_user": true,
    "product": 38,
    "catalog": 1,
    "self_service": true
  },
  "model": "core.productcatalog",
  "pk": 38
},
{
  "fields": {
    "price": "15.48",
    "per_user": true,
    "product": 39,
    "catalog": 1,
    "self_service": true
  },
  "model": "core.productcatalog",
  "pk": 39
},
{
  "fields": {
    "price": "1.49",
    "per_user": true,
    "product": 40,
    "catalog": 1,
    "self_service": true
  },
  "model": "core.productcatalog",
  "pk": 40
},
{
  "fields": {
    "price": "25.00",
    "per_user": false,
    "product": 1,
    "catalog": 2,
    "self_service": false
  },
  "model": "core.productcatalog",
  "pk": 41
},
{
  "fields": {
    "price": "2.50",
    "per_user": false,
    "product": 2,
    "catalog": 2,
    "self_service": false
  },
  "model": "core.productcatalog",
  "pk": 42
},
{
  "fields": {
    "price": "30.00",
    "per_user": false,
    "product": 3,
    "catalog": 2,
    "self_service": false
  },
  "model": "core.productcatalog",
  "pk": 43
},
{
  "fields": {
    "price": "3.00",
    "per_user": false,
    "product": 4,
    "catalog": 2,
    "self_service": false
  },
  "model": "core.productcatalog",
  "pk": 44
},
{
  "fields": {
    "price": "50.00",
    "per_user": false,
    "product": 5,
    "catalog": 2,
    "self_service": false
  },
  "model": "core.productcatalog",
  "pk": 45
},
{
  "fields": {
    "price": "5.00",
    "per_user": false,
    "product": 6,
    "catalog": 2,
    "self_service": false
  },
  "model": "core.productcatalog",
  "pk": 46
},
{
  "fields": {
    "price": "60.00",
    "per_user": false,
    "product": 7,
    "catalog": 2,
    "self_service": false
  },
  "model": "core.productcatalog",
  "pk": 47
},
{
  "fields": {
    "price": "6.00",
    "per_user": false,
    "product": 8,
    "catalog": 2,
    "self_service": false
  },
  "model": "core.productcatalog",
  "pk": 48
},
{
  "fields": {
    "price": "100.00",
    "per_user": false,
    "product": 9,
    "catalog": 2,
    "self_service": false
  },
  "model": "core.productcatalog",
  "pk": 49
},
{
  "fields": {
    "price": "10.00",
    "per_user": false,
    "product": 10,
    "catalog": 2,
    "self_service": false
  },
  "model": "core.productcatalog",
  "pk": 50
},
{
  "fields": {
    "price": "120.00",
    "per_user": false,
    "product": 11,
    "catalog": 2,
    "self_service": false
  },
  "model": "core.productcatalog",
  "pk": 51
},
{
  "fields": {
    "price": "12.00",
    "per_user": false,
    "product": 12,
    "catalog": 2,
    "self_service": false
  },
  "model": "core.productcatalog",
  "pk": 52
},
{
  "fields": {
    "price": "125.00",
    "per_user": false,
    "product": 13,
    "catalog": 2,
    "self_service": false
  },
  "model": "core.productcatalog",
  "pk": 53
},
{
  "fields": {
    "price": "12.50",
    "per_user": false,
    "product": 14,
    "catalog": 2,
    "self_service": false
  },
  "model": "core.productcatalog",
  "pk": 54
},
{
  "fields": {
    "price": "150.00",
    "per_user": false,
    "product": 15,
    "catalog": 2,
    "self_service": false
  },
  "model": "core.productcatalog",
  "pk": 55
},
{
  "fields": {
    "price": "15.00",
    "per_user": false,
    "product": 16,
    "catalog": 2,
    "self_service": false
  },
  "model": "core.productcatalog",
  "pk": 56
},
{
  "fields": {
    "price": "175.00",
    "per_user": false,
    "product": 17,
    "catalog": 2,
    "self_service": false
  },
  "model": "core.productcatalog",
  "pk": 57
},
{
  "fields": {
    "price": "17.50",
    "per_user": false,
    "product": 18,
    "catalog": 2,
    "self_service": false
  },
  "model": "core.productcatalog",
  "pk": 58
},
{
  "fields": {
    "price": "210.00",
    "per_user": false,
    "product": 19,
    "catalog": 2,
    "self_service": false
  },
  "model": "core.productcatalog",
  "pk": 59
},
{
  "fields": {
    "price": "21.00",
    "per_user": false,
    "product": 20,
    "catalog": 2,
    "self_service": false
  },
  "model": "core.productcatalog",
  "pk": 60
},
{
  "fields": {
    "price": "225.00",
    "per_user": false,
    "product": 21,
    "catalog": 2,
    "self_service": false
  },
  "model": "core.productcatalog",
  "pk": 61
},
{
  "fields": {
    "price": "22.50",
    "per_user": false,
    "product": 22,
    "catalog": 2,
    "self_service": false
  },
  "model": "core.productcatalog",
  "pk": 62
},
{
  "fields": {
    "price": "270.00",
    "per_user": false,
    "product": 23,
    "catalog": 2,
    "self_service": false
  },
  "model": "core.productcatalog",
  "pk": 63
},
{
  "fields": {
    "price": "27.00",
    "per_user": false,
    "product": 24,
    "catalog": 2,
    "self_service": false
  },
  "model": "core.productcatalog",
  "pk": 64
},
{
  "fields": {
    "price": "275.00",
    "per_user": false,
    "product": 25,
    "catalog": 2,
    "self_service": false
  },
  "model": "core.productcatalog",
  "pk": 65
},
{
  "fields": {
    "price": "27.50",
    "per_user": false,
    "product": 26,
    "catalog": 2,
    "self_service": false
  },
  "model": "core.productcatalog",
  "pk": 66
},
{
  "fields": {
    "price": "330.00",
    "per_user": false,
    "product": 27,
    "catalog": 2,
    "self_service": false
  },
  "model": "core.productcatalog",
  "pk": 67
},
{
  "fields": {
    "price": "33.00",
    "per_user": false,
    "product": 28,
    "catalog": 2,
    "self_service": false
  },
  "model": "core.productcatalog",
  "pk": 68
},
{
  "fields": {
    "price": "625.00",
    "per_user": false,
    "product": 29,
    "catalog": 2,
    "self_service": false
  },
  "model": "core.productcatalog",
  "pk": 69
},
{
  "fields": {
    "price": "62.50",
    "per_user": false,
    "product": 30,
    "catalog": 2,
    "self_service": false
  },
  "model": "core.productcatalog",
  "pk": 70
},
{
  "fields": {
    "price": "750.00",
    "per_user": false,
    "product": 31,
    "catalog": 2,
    "self_service": false
  },
  "model": "core.productcatalog",
  "pk": 71
},
{
  "fields": {
    "price": "75.00",
    "per_user": false,
    "product": 32,
    "catalog": 2,
    "self_service": false
  },
  "model": "core.productcatalog",
  "pk": 72
},
{
  "fields": {
    "price": "25.00",
    "per_user": false,
    "product": 33,
    "catalog": 2,
    "self_service": false
  },
  "model": "core.productcatalog",
  "pk": 73
},
{
  "fields": {
    "price": "2.50",
    "per_user": false,
    "product": 34,
    "catalog": 2,
    "self_service": false
  },
  "model": "core.productcatalog",
  "pk": 74
},
{
  "fields": {
    "price": "4.74",
    "per_user": true,
    "product": 35,
    "catalog": 2,
    "self_service": true
  },
  "model": "core.productcatalog",
  "pk": 75
},
{
  "fields": {
    "price": "1.00",
    "per_user": true,
    "product": 36,
    "catalog": 2,
    "self_service": true
  },
  "model": "core.productcatalog",
  "pk": 76
},
{
  "fields": {
    "price": "6.00",
    "per_user": true,
    "product": 37,
    "catalog": 2,
    "self_service": true
  },
  "model": "core.productcatalog",
  "pk": 77
},
{
  "fields": {
    "price": "1.29",
    "per_user": true,
    "product": 38,
    "catalog": 2,
    "self_service": true
  },
  "model": "core.productcatalog",
  "pk": 78
},
{
  "fields": {
    "price": "7.74",
    "per_user": true,
    "product": 39,
    "catalog": 2,
    "self_service": true
  },
  "model": "core.productcatalog",
  "pk": 79
},
{
  "fields": {
    "price": "1.49",
    "per_user": true,
    "product": 40,
    "catalog": 2,
    "self_service": true
  },
  "model": "core.productcatalog",
  "pk": 80
},
{
  "fields": {
    "price": "40.00",
    "per_user": false,
    "product": 1,
    "catalog": 3,
    "self_service": false
  },
  "model": "core.productcatalog",
  "pk": 81
},
{
  "fields": {
    "price": "4.00",
    "per_user": false,
    "product": 2,
    "catalog": 3,
    "self_service": false
  },
  "model": "core.productcatalog",
  "pk": 82
},
{
  "fields": {
    "price": "48.00",
    "per_user": false,
    "product": 3,
    "catalog": 3,
    "self_service": false
  },
  "model": "core.productcatalog",
  "pk": 83
},
{
  "fields": {
    "price": "4.80",
    "per_user": false,
    "product": 4,
    "catalog": 3,
    "self_service": false
  },
  "model": "core.productcatalog",
  "pk": 84
},
{
  "fields": {
    "price": "80.00",
    "per_user": false,
    "product": 5,
    "catalog": 3,
    "self_service": false
  },
  "model": "core.productcatalog",
  "pk": 85
},
{
  "fields": {
    "price": "8.00",
    "per_user": false,
    "product": 6,
    "catalog": 3,
    "self_service": false
  },
  "model": "core.productcatalog",
  "pk": 86
},
{
  "fields": {
    "price": "96.00",
    "per_user": false,
    "product": 7,
    "catalog": 3,
    "self_service": false
  },
  "model": "core.productcatalog",
  "pk": 87
},
{
  "fields": {
    "price": "9.60",
    "per_user": false,
    "product": 8,
    "catalog": 3,
    "self_service": false
  },
  "model": "core.productcatalog",
  "pk": 88
},
{
  "fields": {
    "price": "160.00",
    "per_user": false,
    "product": 9,
    "catalog": 3,
    "self_service": false
  },
  "model": "core.productcatalog",
  "pk": 89
},
{
  "fields": {
    "price": "16.00",
    "per_user": false,
    "product": 10,
    "catalog": 3,
    "self_service": false
  },
  "model": "core.productcatalog",
  "pk": 90
},
{
  "fields": {
    "price": "192.00",
    "per_user": false,
    "product": 11,
    "catalog": 3,
    "self_service": false
  },
  "model": "core.productcatalog",
  "pk": 91
},
{
  "fields": {
    "price": "19.20",
    "per_user": false,
    "product": 12,
    "catalog": 3,
    "self_service": false
  },
  "model": "core.productcatalog",
  "pk": 92
},
{
  "fields": {
    "price": "200.00",
    "per_user": false,
    "product": 13,
    "catalog": 3,
    "self_service": false
  },
  "model": "core.productcatalog",
  "pk": 93
},
{
  "fields": {
    "price": "20.00",
    "per_user": false,
    "product": 14,
    "catalog": 3,
    "self_service": false
  },
  "model": "core.productcatalog",
  "pk": 94
},
{
  "fields": {
    "price": "240.00",
    "per_user": false,
    "product": 15,
    "catalog": 3,
    "self_service": false
  },
  "model": "core.productcatalog",
  "pk": 95
},
{
  "fields": {
    "price": "24.00",
    "per_user": false,
    "product": 16,
    "catalog": 3,
    "self_service": false
  },
  "model": "core.productcatalog",
  "pk": 96
},
{
  "fields": {
    "price": "280.00",
    "per_user": false,
    "product": 17,
    "catalog": 3,
    "self_service": false
  },
  "model": "core.productcatalog",
  "pk": 97
},
{
  "fields": {
    "price": "28.00",
    "per_user": false,
    "product": 18,
    "catalog": 3,
    "self_service": false
  },
  "model": "core.productcatalog",
  "pk": 98
},
{
  "fields": {
    "price": "336.00",
    "per_user": false,
    "product": 19,
    "catalog": 3,
    "self_service": false
  },
  "model": "core.productcatalog",
  "pk": 99
},
{
  "fields": {
    "price": "33.60",
    "per_user": false,
    "product": 20,
    "catalog": 3,
    "self_service": false
  },
  "model": "core.productcatalog",
  "pk": 100
},
{
  "fields": {
    "price": "360.00",
    "per_user": false,
    "product": 21,
    "catalog": 3,
    "self_service": false
  },
  "model": "core.productcatalog",
  "pk": 101
},
{
  "fields": {
    "price": "36.00",
    "per_user": false,
    "product": 22,
    "catalog": 3,
    "self_service": false
  },
  "model": "core.productcatalog",
  "pk": 102
},
{
  "fields": {
    "price": "432.00",
    "per_user": false,
    "product": 23,
    "catalog": 3,
    "self_service": false
  },
  "model": "core.productcatalog",
  "pk": 103
},
{
  "fields": {
    "price": "43.20",
    "per_user": false,
    "product": 24,
    "catalog": 3,
    "self_service": false
  },
  "model": "core.productcatalog",
  "pk": 104
},
{
  "fields": {
    "price": "440.00",
    "per_user": false,
    "product": 25,
    "catalog": 3,
    "self_service": false
  },
  "model": "core.productcatalog",
  "pk": 105
},
{
  "fields": {
    "price": "44.00",
    "per_user": false,
    "product": 26,
    "catalog": 3,
    "self_service": false
  },
  "model": "core.productcatalog",
  "pk": 106
},
{
  "fields": {
    "price": "528.00",
    "per_user": false,
    "product": 27,
    "catalog": 3,
    "self_service": false
  },
  "model": "core.productcatalog",
  "pk": 107
},
{
  "fields": {
    "price": "52.80",
    "per_user": false,
    "product": 28,
    "catalog": 3,
    "self_service": false
  },
  "model": "core.productcatalog",
  "pk": 108
},
{
  "fields": {
    "price": "1000.00",
    "per_user": false,
    "product": 29,
    "catalog": 3,
    "self_service": false
  },
  "model": "core.productcatalog",
  "pk": 109
},
{
  "fields": {
    "price": "100.00",
    "per_user": false,
    "product": 30,
    "catalog": 3,
    "self_service": false
  },
  "model": "core.productcatalog",
  "pk": 110
},
{
  "fields": {
    "price": "1200.00",
    "per_user": false,
    "product": 31,
    "catalog": 3,
    "self_service": false
  },
  "model": "core.productcatalog",
  "pk": 111
},
{
  "fields": {
    "price": "120.00",
    "per_user": false,
    "product": 32,
    "catalog": 3,
    "self_service": false
  },
  "model": "core.productcatalog",
  "pk": 112
},
{
  "fields": {
    "price": "40.00",
    "per_user": false,
    "product": 33,
    "catalog": 3,
    "self_service": false
  },
  "model": "core.productcatalog",
  "pk": 113
},
{
  "fields": {
    "price": "4.00",
    "per_user": false,
    "product": 34,
    "catalog": 3,
    "self_service": false
  },
  "model": "core.productcatalog",
  "pk": 114
},
{
  "fields": {
    "price": "7.58",
    "per_user": true,
    "product": 35,
    "catalog": 3,
    "self_service": true
  },
  "model": "core.productcatalog",
  "pk": 115
},
{
  "fields": {
    "price": "1.00",
    "per_user": true,
    "product": 36,
    "catalog": 3,
    "self_service": true
  },
  "model": "core.productcatalog",
  "pk": 116
},
{
  "fields": {
    "price": "9.60",
    "per_user": true,
    "product": 37,
    "catalog": 3,
    "self_service": true
  },
  "model": "core.productcatalog",
  "pk": 117
},
{
  "fields": {
    "price": "1.29",
    "per_user": true,
    "product": 38,
    "catalog": 3,
    "self_service": true
  },
  "model": "core.productcatalog",
  "pk": 118
},
{
  "fields": {
    "price": "12.38",
    "per_user": true,
    "product": 39,
    "catalog": 3,
    "self_service": true
  },
  "model": "core.productcatalog",
  "pk": 119
},
{
  "fields": {
    "price": "1.49",
    "per_user": true,
    "product": 40,
    "catalog": 3,
    "self_service": true
  },
  "model": "core.productcatalog",
  "pk": 120
},
{
  "fields": {
    "price": "40.00",
    "per_user": false,
    "product": 1,
    "catalog": 4,
    "self_service": false
  },
  "model": "core.productcatalog",
  "pk": 121
},
{
  "fields": {
    "price": "4.00",
    "per_user": false,
    "product": 2,
    "catalog": 4,
    "self_service": false
  },
  "model": "core.productcatalog",
  "pk": 122
},
{
  "fields": {
    "price": "48.00",
    "per_user": false,
    "product": 3,
    "catalog": 4,
    "self_service": false
  },
  "model": "core.productcatalog",
  "pk": 123
},
{
  "fields": {
    "price": "4.80",
    "per_user": false,
    "product": 4,
    "catalog": 4,
    "self_service": false
  },
  "model": "core.productcatalog",
  "pk": 124
},
{
  "fields": {
    "price": "80.00",
    "per_user": false,
    "product": 5,
    "catalog": 4,
    "self_service": false
  },
  "model": "core.productcatalog",
  "pk": 125
},
{
  "fields": {
    "price": "8.00",
    "per_user": false,
    "product": 6,
    "catalog": 4,
    "self_service": false
  },
  "model": "core.productcatalog",
  "pk": 126
},
{
  "fields": {
    "price": "96.00",
    "per_user": false,
    "product": 7,
    "catalog": 4,
    "self_service": false
  },
  "model": "core.productcatalog",
  "pk": 127
},
{
  "fields": {
    "price": "9.60",
    "per_user": false,
    "product": 8,
    "catalog": 4,
    "self_service": false
  },
  "model": "core.productcatalog",
  "pk": 128
},
{
  "fields": {
    "price": "160.00",
    "per_user": false,
    "product": 9,
    "catalog": 4,
    "self_service": false
  },
  "model": "core.productcatalog",
  "pk": 129
},
{
  "fields": {
    "price": "16.00",
    "per_user": false,
    "product": 10,
    "catalog": 4,
    "self_service": false
  },
  "model": "core.productcatalog",
  "pk": 130
},
{
  "fields": {
    "price": "192.00",
    "per_user": false,
    "product": 11,
    "catalog": 4,
    "self_service": false
  },
  "model": "core.productcatalog",
  "pk": 131
},
{
  "fields": {
    "price": "19.20",
    "per_user": false,
    "product": 12,
    "catalog": 4,
    "self_service": false
  },
  "model": "core.productcatalog",
  "pk": 132
},
{
  "fields": {
    "price": "200.00",
    "per_user": false,
    "product": 13,
    "catalog": 4,
    "self_service": false
  },
  "model": "core.productcatalog",
  "pk": 133
},
{
  "fields": {
    "price": "20.00",
    "per_user": false,
    "product": 14,
    "catalog": 4,
    "self_service": false
  },
  "model": "core.productcatalog",
  "pk": 134
},
{
  "fields": {
    "price": "240.00",
    "per_user": false,
    "product": 15,
    "catalog": 4,
    "self_service": false
  },
  "model": "core.productcatalog",
  "pk": 135
},
{
  "fields": {
    "price": "24.00",
    "per_user": false,
    "product": 16,
    "catalog": 4,
    "self_service": false
  },
  "model": "core.productcatalog",
  "pk": 136
},
{
  "fields": {
    "price": "280.00",
    "per_user": false,
    "product": 17,
    "catalog": 4,
    "self_service": false
  },
  "model": "core.productcatalog",
  "pk": 137
},
{
  "fields": {
    "price": "28.00",
    "per_user": false,
    "product": 18,
    "catalog": 4,
    "self_service": false
  },
  "model": "core.productcatalog",
  "pk": 138
},
{
  "fields": {
    "price": "336.00",
    "per_user": false,
    "product": 19,
    "catalog": 4,
    "self_service": false
  },
  "model": "core.productcatalog",
  "pk": 139
},
{
  "fields": {
    "price": "33.60",
    "per_user": false,
    "product": 20,
    "catalog": 4,
    "self_service": false
  },
  "model": "core.productcatalog",
  "pk": 140
},
{
  "fields": {
    "price": "360.00",
    "per_user": false,
    "product": 21,
    "catalog": 4,
    "self_service": false
  },
  "model": "core.productcatalog",
  "pk": 141
},
{
  "fields": {
    "price": "36.00",
    "per_user": false,
    "product": 22,
    "catalog": 4,
    "self_service": false
  },
  "model": "core.productcatalog",
  "pk": 142
},
{
  "fields": {
    "price": "432.00",
    "per_user": false,
    "product": 23,
    "catalog": 4,
    "self_service": false
  },
  "model": "core.productcatalog",
  "pk": 143
},
{
  "fields": {
    "price": "43.20",
    "per_user": false,
    "product": 24,
    "catalog": 4,
    "self_service": false
  },
  "model": "core.productcatalog",
  "pk": 144
},
{
  "fields": {
    "price": "440.00",
    "per_user": false,
    "product": 25,
    "catalog": 4,
    "self_service": false
  },
  "model": "core.productcatalog",
  "pk": 145
},
{
  "fields": {
    "price": "44.00",
    "per_user": false,
    "product": 26,
    "catalog": 4,
    "self_service": false
  },
  "model": "core.productcatalog",
  "pk": 146
},
{
  "fields": {
    "price": "528.00",
    "per_user": false,
    "product": 27,
    "catalog": 4,
    "self_service": false
  },
  "model": "core.productcatalog",
  "pk": 147
},
{
  "fields": {
    "price": "52.80",
    "per_user": false,
    "product": 28,
    "catalog": 4,
    "self_service": false
  },
  "model": "core.productcatalog",
  "pk": 148
},
{
  "fields": {
    "price": "1000.00",
    "per_user": false,
    "product": 29,
    "catalog": 4,
    "self_service": false
  },
  "model": "core.productcatalog",
  "pk": 149
},
{
  "fields": {
    "price": "100.00",
    "per_user": false,
    "product": 30,
    "catalog": 4,
    "self_service": false
  },
  "model": "core.productcatalog",
  "pk": 150
},
{
  "fields": {
    "price": "1200.00",
    "per_user": false,
    "product": 31,
    "catalog": 4,
    "self_service": false
  },
  "model": "core.productcatalog",
  "pk": 151
},
{
  "fields": {
    "price": "120.00",
    "per_user": false,
    "product": 32,
    "catalog": 4,
    "self_service": false
  },
  "model": "core.productcatalog",
  "pk": 152
},
{
  "fields": {
    "price": "40.00",
    "per_user": false,
    "product": 33,
    "catalog": 4,
    "self_service": false
  },
  "model": "core.productcatalog",
  "pk": 153
},
{
  "fields": {
    "price": "4.00",
    "per_user": false,
    "product": 34,
    "catalog": 4,
    "self_service": false
  },
  "model": "core.productcatalog",
  "pk": 154
},
{
  "fields": {
    "price": "7.58",
    "per_user": true,
    "product": 35,
    "catalog": 4,
    "self_service": true
  },
  "model": "core.productcatalog",
  "pk": 155
},
{
  "fields": {
    "price": "1.00",
    "per_user": true,
    "product": 36,
    "catalog": 4,
    "self_service": true
  },
  "model": "core.productcatalog",
  "pk": 156
},
{
  "fields": {
    "price": "9.60",
    "per_user": true,
    "product": 37,
    "catalog": 4,
    "self_service": true
  },
  "model": "core.productcatalog",
  "pk": 157
},
{
  "fields": {
    "price": "1.29",
    "per_user": true,
    "product": 38,
    "catalog": 4,
    "self_service": true
  },
  "model": "core.productcatalog",
  "pk": 158
},
{
  "fields": {
    "price": "12.38",
    "per_user": true,
    "product": 39,
    "catalog": 4,
    "self_service": true
  },
  "model": "core.productcatalog",
  "pk": 159
},
{
  "fields": {
    "price": "1.49",
    "per_user": true,
    "product": 40,
    "catalog": 4,
    "self_service": true
  },
  "model": "core.productcatalog",
  "pk": 160
},
{
  "fields": {
    "price": "42.50",
    "per_user": false,
    "product": 1,
    "catalog": 5,
    "self_service": false
  },
  "model": "core.productcatalog",
  "pk": 161
},
{
  "fields": {
    "price": "4.25",
    "per_user": false,
    "product": 2,
    "catalog": 5,
    "self_service": false
  },
  "model": "core.productcatalog",
  "pk": 162
},
{
  "fields": {
    "price": "51.00",
    "per_user": false,
    "product": 3,
    "catalog": 5,
    "self_service": false
  },
  "model": "core.productcatalog",
  "pk": 163
},
{
  "fields": {
    "price": "5.10",
    "per_user": false,
    "product": 4,
    "catalog": 5,
    "self_service": false
  },
  "model": "core.productcatalog",
  "pk": 164
},
{
  "fields": {
    "price": "85.00",
    "per_user": false,
    "product": 5,
    "catalog": 5,
    "self_service": false
  },
  "model": "core.productcatalog",
  "pk": 165
},
{
  "fields": {
    "price": "8.50",
    "per_user": false,
    "product": 6,
    "catalog": 5,
    "self_service": false
  },
  "model": "core.productcatalog",
  "pk": 166
},
{
  "fields": {
    "price": "102.00",
    "per_user": false,
    "product": 7,
    "catalog": 5,
    "self_service": false
  },
  "model": "core.productcatalog",
  "pk": 167
},
{
  "fields": {
    "price": "10.20",
    "per_user": false,
    "product": 8,
    "catalog": 5,
    "self_service": false
  },
  "model": "core.productcatalog",
  "pk": 168
},
{
  "fields": {
    "price": "170.00",
    "per_user": false,
    "product": 9,
    "catalog": 5,
    "self_service": false
  },
  "model": "core.productcatalog",
  "pk": 169
},
{
  "fields": {
    "price": "17.00",
    "per_user": false,
    "product": 10,
    "catalog": 5,
    "self_service": false
  },
  "model": "core.productcatalog",
  "pk": 170
},
{
  "fields": {
    "price": "204.00",
    "per_user": false,
    "product": 11,
    "catalog": 5,
    "self_service": false
  },
  "model": "core.productcatalog",
  "pk": 171
},
{
  "fields": {
    "price": "20.40",
    "per_user": false,
    "product": 12,
    "catalog": 5,
    "self_service": false
  },
  "model": "core.productcatalog",
  "pk": 172
},
{
  "fields": {
    "price": "212.50",
    "per_user": false,
    "product": 13,
    "catalog": 5,
    "self_service": false
  },
  "model": "core.productcatalog",
  "pk": 173
},
{
  "fields": {
    "price": "21.25",
    "per_user": false,
    "product": 14,
    "catalog": 5,
    "self_service": false
  },
  "model": "core.productcatalog",
  "pk": 174
},
{
  "fields": {
    "price": "255.00",
    "per_user": false,
    "product": 15,
    "catalog": 5,
    "self_service": false
  },
  "model": "core.productcatalog",
  "pk": 175
},
{
  "fields": {
    "price": "25.50",
    "per_user": false,
    "product": 16,
    "catalog": 5,
    "self_service": false
  },
  "model": "core.productcatalog",
  "pk": 176
},
{
  "fields": {
    "price": "297.50",
    "per_user": false,
    "product": 17,
    "catalog": 5,
    "self_service": false
  },
  "model": "core.productcatalog",
  "pk": 177
},
{
  "fields": {
    "price": "29.75",
    "per_user": false,
    "product": 18,
    "catalog": 5,
    "self_service": false
  },
  "model": "core.productcatalog",
  "pk": 178
},
{
  "fields": {
    "price": "357.00",
    "per_user": false,
    "product": 19,
    "catalog": 5,
    "self_service": false
  },
  "model": "core.productcatalog",
  "pk": 179
},
{
  "fields": {
    "price": "35.70",
    "per_user": false,
    "product": 20,
    "catalog": 5,
    "self_service": false
  },
  "model": "core.productcatalog",
  "pk": 180
},
{
  "fields": {
    "price": "382.50",
    "per_user": false,
    "product": 21,
    "catalog": 5,
    "self_service": false
  },
  "model": "core.productcatalog",
  "pk": 181
},
{
  "fields": {
    "price": "38.25",
    "per_user": false,
    "product": 22,
    "catalog": 5,
    "self_service": false
  },
  "model": "core.productcatalog",
  "pk": 182
},
{
  "fields": {
    "price": "459.00",
    "per_user": false,
    "product": 23,
    "catalog": 5,
    "self_service": false
  },
  "model": "core.productcatalog",
  "pk": 183
},
{
  "fields": {
    "price": "45.90",
    "per_user": false,
    "product": 24,
    "catalog": 5,
    "self_service": false
  },
  "model": "core.productcatalog",
  "pk": 184
},
{
  "fields": {
    "price": "467.50",
    "per_user": false,
    "product": 25,
    "catalog": 5,
    "self_service": false
  },
  "model": "core.productcatalog",
  "pk": 185
},
{
  "fields": {
    "price": "46.75",
    "per_user": false,
    "product": 26,
    "catalog": 5,
    "self_service": false
  },
  "model": "core.productcatalog",
  "pk": 186
},
{
  "fields": {
    "price": "561.00",
    "per_user": false,
    "product": 27,
    "catalog": 5,
    "self_service": false
  },
  "model": "core.productcatalog",
  "pk": 187
},
{
  "fields": {
    "price": "56.10",
    "per_user": false,
    "product": 28,
    "catalog": 5,
    "self_service": false
  },
  "model": "core.productcatalog",
  "pk": 188
},
{
  "fields": {
    "price": "1062.50",
    "per_user": false,
    "product": 29,
    "catalog": 5,
    "self_service": false
  },
  "model": "core.productcatalog",
  "pk": 189
},
{
  "fields": {
    "price": "106.25",
    "per_user": false,
    "product": 30,
    "catalog": 5,
    "self_service": false
  },
  "model": "core.productcatalog",
  "pk": 190
},
{
  "fields": {
    "price": "1275.00",
    "per_user": false,
    "product": 31,
    "catalog": 5,
    "self_service": false
  },
  "model": "core.productcatalog",
  "pk": 191
},
{
  "fields": {
    "price": "127.50",
    "per_user": false,
    "product": 32,
    "catalog": 5,
    "self_service": false
  },
  "model": "core.productcatalog",
  "pk": 192
},
{
  "fields": {
    "price": "42.50",
    "per_user": false,
    "product": 33,
    "catalog": 5,
    "self_service": false
  },
  "model": "core.productcatalog",
  "pk": 193
},
{
  "fields": {
    "price": "4.25",
    "per_user": false,
    "product": 34,
    "catalog": 5,
    "self_service": false
  },
  "model": "core.productcatalog",
  "pk": 194
},
{
  "fields": {
    "price": "8.06",
    "per_user": true,
    "product": 35,
    "catalog": 5,
    "self_service": true
  },
  "model": "core.productcatalog",
  "pk": 195
},
{
  "fields": {
    "price": "1.00",
    "per_user": true,
    "product": 36,
    "catalog": 5,
    "self_service": true
  },
  "model": "core.productcatalog",
  "pk": 196
},
{
  "fields": {
    "price": "10.20",
    "per_user": true,
    "product": 37,
    "catalog": 5,
    "self_service": true
  },
  "model": "core.productcatalog",
  "pk": 197
},
{
  "fields": {
    "price": "1.29",
    "per_user": true,
    "product": 38,
    "catalog": 5,
    "self_service": true
  },
  "model": "core.productcatalog",
  "pk": 198
},
{
  "fields": {
    "price": "13.16",
    "per_user": true,
    "product": 39,
    "catalog": 5,
    "self_service": true
  },
  "model": "core.productcatalog",
  "pk": 199
},
{
  "fields": {
    "price": "1.49",
    "per_user": true,
    "product": 40,
    "catalog": 5,
    "self_service": true
  },
  "model": "core.productcatalog",
  "pk": 200
},
{
  "fields": {
    "price": "35.00",
    "per_user": false,
    "product": 1,
    "catalog": 6,
    "self_service": false
  },
  "model": "core.productcatalog",
  "pk": 201
},
{
  "fields": {
    "price": "3.50",
    "per_user": false,
    "product": 2,
    "catalog": 6,
    "self_service": false
  },
  "model": "core.productcatalog",
  "pk": 202
},
{
  "fields": {
    "price": "42.00",
    "per_user": false,
    "product": 3,
    "catalog": 6,
    "self_service": false
  },
  "model": "core.productcatalog",
  "pk": 203
},
{
  "fields": {
    "price": "4.20",
    "per_user": false,
    "product": 4,
    "catalog": 6,
    "self_service": false
  },
  "model": "core.productcatalog",
  "pk": 204
},
{
  "fields": {
    "price": "70.00",
    "per_user": false,
    "product": 5,
    "catalog": 6,
    "self_service": false
  },
  "model": "core.productcatalog",
  "pk": 205
},
{
  "fields": {
    "price": "7.00",
    "per_user": false,
    "product": 6,
    "catalog": 6,
    "self_service": false
  },
  "model": "core.productcatalog",
  "pk": 206
},
{
  "fields": {
    "price": "84.00",
    "per_user": false,
    "product": 7,
    "catalog": 6,
    "self_service": false
  },
  "model": "core.productcatalog",
  "pk": 207
},
{
  "fields": {
    "price": "8.40",
    "per_user": false,
    "product": 8,
    "catalog": 6,
    "self_service": false
  },
  "model": "core.productcatalog",
  "pk": 208
},
{
  "fields": {
    "price": "140.00",
    "per_user": false,
    "product": 9,
    "catalog": 6,
    "self_service": false
  },
  "model": "core.productcatalog",
  "pk": 209
},
{
  "fields": {
    "price": "14.00",
    "per_user": false,
    "product": 10,
    "catalog": 6,
    "self_service": false
  },
  "model": "core.productcatalog",
  "pk": 210
},
{
  "fields": {
    "price": "168.00",
    "per_user": false,
    "product": 11,
    "catalog": 6,
    "self_service": false
  },
  "model": "core.productcatalog",
  "pk": 211
},
{
  "fields": {
    "price": "16.80",
    "per_user": false,
    "product": 12,
    "catalog": 6,
    "self_service": false
  },
  "model": "core.productcatalog",
  "pk": 212
},
{
  "fields": {
    "price": "175.00",
    "per_user": false,
    "product": 13,
    "catalog": 6,
    "self_service": false
  },
  "model": "core.productcatalog",
  "pk": 213
},
{
  "fields": {
    "price": "17.50",
    "per_user": false,
    "product": 14,
    "catalog": 6,
    "self_service": false
  },
  "model": "core.productcatalog",
  "pk": 214
},
{
  "fields": {
    "price": "210.00",
    "per_user": false,
    "product": 15,
    "catalog": 6,
    "self_service": false
  },
  "model": "core.productcatalog",
  "pk": 215
},
{
  "fields": {
    "price": "21.00",
    "per_user": false,
    "product": 16,
    "catalog": 6,
    "self_service": false
  },
  "model": "core.productcatalog",
  "pk": 216
},
{
  "fields": {
    "price": "245.00",
    "per_user": false,
    "product": 17,
    "catalog": 6,
    "self_service": false
  },
  "model": "core.productcatalog",
  "pk": 217
},
{
  "fields": {
    "price": "24.50",
    "per_user": false,
    "product": 18,
    "catalog": 6,
    "self_service": false
  },
  "model": "core.productcatalog",
  "pk": 218
},
{
  "fields": {
    "price": "294.00",
    "per_user": false,
    "product": 19,
    "catalog": 6,
    "self_service": false
  },
  "model": "core.productcatalog",
  "pk": 219
},
{
  "fields": {
    "price": "29.40",
    "per_user": false,
    "product": 20,
    "catalog": 6,
    "self_service": false
  },
  "model": "core.productcatalog",
  "pk": 220
},
{
  "fields": {
    "price": "315.00",
    "per_user": false,
    "product": 21,
    "catalog": 6,
    "self_service": false
  },
  "model": "core.productcatalog",
  "pk": 221
},
{
  "fields": {
    "price": "31.50",
    "per_user": false,
    "product": 22,
    "catalog": 6,
    "self_service": false
  },
  "model": "core.productcatalog",
  "pk": 222
},
{
  "fields": {
    "price": "378.00",
    "per_user": false,
    "product": 23,
    "catalog": 6,
    "self_service": false
  },
  "model": "core.productcatalog",
  "pk": 223
},
{
  "fields": {
    "price": "37.80",
    "per_user": false,
    "product": 24,
    "catalog": 6,
    "self_service": false
  },
  "model": "core.productcatalog",
  "pk": 224
},
{
  "fields": {
    "price": "385.00",
    "per_user": false,
    "product": 25,
    "catalog": 6,
    "self_service": false
  },
  "model": "core.productcatalog",
  "pk": 225
},
{
  "fields": {
    "price": "38.50",
    "per_user": false,
    "product": 26,
    "catalog": 6,
    "self_service": false
  },
  "model": "core.productcatalog",
  "pk": 226
},
{
  "fields": {
    "price": "462.00",
    "per_user": false,
    "product": 27,
    "catalog": 6,
    "self_service": false
  },
  "model": "core.productcatalog",
  "pk": 227
},
{
  "fields": {
    "price": "46.20",
    "per_user": false,
    "product": 28,
    "catalog": 6,
    "self_service": false
  },
  "model": "core.productcatalog",
  "pk": 228
},
{
  "fields": {
    "price": "875.00",
    "per_user": false,
    "product": 29,
    "catalog": 6,
    "self_service": false
  },
  "model": "core.productcatalog",
  "pk": 229
},
{
  "fields": {
    "price": "87.50",
    "per_user": false,
    "product": 30,
    "catalog": 6,
    "self_service": false
  },
  "model": "core.productcatalog",
  "pk": 230
},
{
  "fields": {
    "price": "1050.00",
    "per_user": false,
    "product": 31,
    "catalog": 6,
    "self_service": false
  },
  "model": "core.productcatalog",
  "pk": 231
},
{
  "fields": {
    "price": "105.00",
    "per_user": false,
    "product": 32,
    "catalog": 6,
    "self_service": false
  },
  "model": "core.productcatalog",
  "pk": 232
},
{
  "fields": {
    "price": "35.00",
    "per_user": false,
    "product": 33,
    "catalog": 6,
    "self_service": false
  },
  "model": "core.productcatalog",
  "pk": 233
},
{
  "fields": {
    "price": "3.50",
    "per_user": false,
    "product": 34,
    "catalog": 6,
    "self_service": false
  },
  "model": "core.productcatalog",
  "pk": 234
},
{
  "fields": {
    "price": "6.64",
    "per_user": true,
    "product": 35,
    "catalog": 6,
    "self_service": true
  },
  "model": "core.productcatalog",
  "pk": 235
},
{
  "fields": {
    "price": "1.00",
    "per_user": true,
    "product": 36,
    "catalog": 6,
    "self_service": true
  },
  "model": "core.productcatalog",
  "pk": 236
},
{
  "fields": {
    "price": "8.40",
    "per_user": true,
    "product": 37,
    "catalog": 6,
    "self_service": true
  },
  "model": "core.productcatalog",
  "pk": 237
},
{
  "fields": {
    "price": "1.29",
    "per_user": true,
    "product": 38,
    "catalog": 6,
    "self_service": true
  },
  "model": "core.productcatalog",
  "pk": 238
},
{
  "fields": {
    "price": "10.84",
    "per_user": true,
    "product": 39,
    "catalog": 6,
    "self_service": true
  },
  "model": "core.productcatalog",
  "pk": 239
},
{
  "fields": {
    "price": "1.49",
    "per_user": true,
    "product": 40,
    "catalog": 6,
    "self_service": true
  },
  "model": "core.productcatalog",
  "pk": 240
},
{
  "fields": {
    "price": "9.00",
    "per_user": false,
    "product": 1,
    "catalog": 7,
    "self_service": false
  },
  "model": "core.productcatalog",
  "pk": 241
},
{
  "fields": {
    "price": "0.90",
    "per_user": false,
    "product": 2,
    "catalog": 7,
    "self_service": false
  },
  "model": "core.productcatalog",
  "pk": 242
},
{
  "fields": {
    "price": "10.80",
    "per_user": false,
    "product": 3,
    "catalog": 7,
    "self_service": false
  },
  "model": "core.productcatalog",
  "pk": 243
},
{
  "fields": {
    "price": "1.08",
    "per_user": false,
    "product": 4,
    "catalog": 7,
    "self_service": false
  },
  "model": "core.productcatalog",
  "pk": 244
},
{
  "fields": {
    "price": "9.00",
    "per_user": false,
    "product": 5,
    "catalog": 7,
    "self_service": false
  },
  "model": "core.productcatalog",
  "pk": 245
},
{
  "fields": {
    "price": "0.90",
    "per_user": false,
    "product": 6,
    "catalog": 7,
    "self_service": false
  },
  "model": "core.productcatalog",
  "pk": 246
},
{
  "fields": {
    "price": "10.80",
    "per_user": false,
    "product": 7,
    "catalog": 7,
    "self_service": false
  },
  "model": "core.productcatalog",
  "pk": 247
},
{
  "fields": {
    "price": "1.08",
    "per_user": false,
    "product": 8,
    "catalog": 7,
    "self_service": false
  },
  "model": "core.productcatalog",
  "pk": 248
},
{
  "fields": {
    "price": "9.00",
    "per_user": false,
    "product": 9,
    "catalog": 7,
    "self_service": false
  },
  "model": "core.productcatalog",
  "pk": 249
},
{
  "fields": {
    "price": "0.90",
    "per_user": false,
    "product": 10,
    "catalog": 7,
    "self_service": false
  },
  "model": "core.productcatalog",
  "pk": 250
},
{
  "fields": {
    "price": "10.80",
    "per_user": false,
    "product": 11,
    "catalog": 7,
    "self_service": false
  },
  "model": "core.productcatalog",
  "pk": 251
},
{
  "fields": {
    "price": "1.08",
    "per_user": false,
    "product": 12,
    "catalog": 7,
    "self_service": false
  },
  "model": "core.productcatalog",
  "pk": 252
},
{
  "fields": {
    "price": "150.00",
    "per_user": false,
    "product": 13,
    "catalog": 7,
    "self_service": false
  },
  "model": "core.productcatalog",
  "pk": 253
},
{
  "fields": {
    "price": "15.00",
    "per_user": false,
    "product": 14,
    "catalog": 7,
    "self_service": false
  },
  "model": "core.productcatalog",
  "pk": 254
},
{
  "fields": {
    "price": "180.00",
    "per_user": false,
    "product": 15,
    "catalog": 7,
    "self_service": false
  },
  "model": "core.productcatalog",
  "pk": 255
},
{
  "fields": {
    "price": "18.00",
    "per_user": false,
    "product": 16,
    "catalog": 7,
    "self_service": false
  },
  "model": "core.productcatalog",
  "pk": 256
},
{
  "fields": {
    "price": "150.00",
    "per_user": false,
    "product": 17,
    "catalog": 7,
    "self_service": false
  },
  "model": "core.productcatalog",
  "pk": 257
},
{
  "fields": {
    "price": "15.00",
    "per_user": false,
    "product": 18,
    "catalog": 7,
    "self_service": false
  },
  "model": "core.productcatalog",
  "pk": 258
},
{
  "fields": {
    "price": "180.00",
    "per_user": false,
    "product": 19,
    "catalog": 7,
    "self_service": false
  },
  "model": "core.productcatalog",
  "pk": 259
},
{
  "fields": {
    "price": "18.00",
    "per_user": false,
    "product": 20,
    "catalog": 7,
    "self_service": false
  },
  "model": "core.productcatalog",
  "pk": 260
},
{
  "fields": {
    "price": "150.00",
    "per_user": false,
    "product": 21,
    "catalog": 7,
    "self_service": false
  },
  "model": "core.productcatalog",
  "pk": 261
},
{
  "fields": {
    "price": "15.00",
    "per_user": false,
    "product": 22,
    "catalog": 7,
    "self_service": false
  },
  "model": "core.productcatalog",
  "pk": 262
},
{
  "fields": {
    "price": "180.00",
    "per_user": false,
    "product": 23,
    "catalog": 7,
    "self_service": false
  },
  "model": "core.productcatalog",
  "pk": 263
},
{
  "fields": {
    "price": "18.00",
    "per_user": false,
    "product": 24,
    "catalog": 7,
    "self_service": false
  },
  "model": "core.productcatalog",
  "pk": 264
},
{
  "fields": {
    "price": "150.00",
    "per_user": false,
    "product": 25,
    "catalog": 7,
    "self_service": false
  },
  "model": "core.productcatalog",
  "pk": 265
},
{
  "fields": {
    "price": "15.00",
    "per_user": false,
    "product": 26,
    "catalog": 7,
    "self_service": false
  },
  "model": "core.productcatalog",
  "pk": 266
},
{
  "fields": {
    "price": "180.00",
    "per_user": false,
    "product": 27,
    "catalog": 7,
    "self_service": false
  },
  "model": "core.productcatalog",
  "pk": 267
},
{
  "fields": {
    "price": "18.00",
    "per_user": false,
    "product": 28,
    "catalog": 7,
    "self_service": false
  },
  "model": "core.productcatalog",
  "pk": 268
},
{
  "fields": {
    "price": "150.00",
    "per_user": false,
    "product": 29,
    "catalog": 7,
    "self_service": false
  },
  "model": "core.productcatalog",
  "pk": 269
},
{
  "fields": {
    "price": "15.00",
    "per_user": false,
    "product": 30,
    "catalog": 7,
    "self_service": false
  },
  "model": "core.productcatalog",
  "pk": 270
},
{
  "fields": {
    "price": "180.00",
    "per_user": false,
    "product": 31,
    "catalog": 7,
    "self_service": false
  },
  "model": "core.productcatalog",
  "pk": 271
},
{
  "fields": {
    "price": "18.00",
    "per_user": false,
    "product": 32,
    "catalog": 7,
    "self_service": false
  },
  "model": "core.productcatalog",
  "pk": 272
},
{
  "fields": {
    "price": "9.00",
    "per_user": false,
    "product": 33,
    "catalog": 7,
    "self_service": false
  },
  "model": "core.productcatalog",
  "pk": 273
},
{
  "fields": {
    "price": "0.90",
    "per_user": false,
    "product": 34,
    "catalog": 7,
    "self_service": false
  },
  "model": "core.productcatalog",
  "pk": 274
},
{
  "fields": {
    "code": "7152214",
    "start_at": "2016-11-08T12:50:47.383Z",
    "created_at": "2016-11-08T12:50:47.382Z",
    "modified_at": "2016-11-08T12:50:47.382Z",
    "end_at": null,
    "catalog": 5
  },
  "model": "core.promotioncode",
  "pk": 1
},
{
  "fields": {
    "domain": "test-1.com",
    "invoiced_customer": 1,
    "payment_method": "PAYPAL_AUTO",
    "modified_at": "2016-11-08T12:50:46.914Z",
    "currency": "USD",
    "next_invoice_date": null,
    "vendor_version": null,
    "renewal_option": "CANCEL",
    "trusted": false,
    "bank_auth_id": null,
    "vendor_trial": false,
    "vendor_max_cap": null,
    "max_cap": null,
    "vendor_renewal_data": null,
    "status": "ACTIVE",
    "product": 39,
    "vendor_plan": "ANNUAL_YEARLY",
    "start_plan_date": "2016-11-08T12:50:46.906Z",
    "catalog": 1,
    "expiry_date": "2016-11-23T03:50:00Z",
    "saw_price": true,
    "plan": "ANNUAL_YEARLY",
    "vendor_licenses": 0,
    "billable_licenses": 13,
    "vendor_creation_date": null,
    "customer": 1,
    "vendor_status": "EVAL",
    "name": "GSC for test-1.com",
    "created_at": "2016-11-08T12:50:46.908Z",
    "install_date": "2016-11-08T12:50:46.909Z",
    "sync_with_vendor": false,
    "trial": true,
    "vendor_renewal_option": null,
    "order": null,
    "payment_gateway": ""
  },
  "model": "core.subscription",
  "pk": 1
},
{
  "fields": {
    "domain": "test-2.com",
    "invoiced_customer": 2,
    "payment_method": "PAYPAL_AUTO",
    "modified_at": "2016-11-08T12:50:47.004Z",
    "currency": "USD",
    "next_invoice_date": "2016-12-08T12:50:46.984Z",
    "vendor_version": null,
    "renewal_option": "RENEW",
    "trusted": false,
    "bank_auth_id": null,
    "vendor_trial": false,
    "vendor_max_cap": null,
    "max_cap": null,
    "vendor_renewal_data": null,
    "status": "ACTIVE",
    "product": 34,
    "vendor_plan": "ANNUAL_YEARLY",
    "start_plan_date": "2016-11-08T12:50:46.952Z",
    "catalog": 1,
    "expiry_date": "2016-12-15T12:50:46.983Z",
    "saw_price": true,
    "plan": "ANNUAL_YEARLY",
    "vendor_licenses": 5,
    "billable_licenses": 5,
    "vendor_creation_date": null,
    "customer": 2,
    "vendor_status": "PAID",
    "name": "GSC for test-2.com",
    "created_at": "2016-11-08T12:50:46.953Z",
    "install_date": "2016-11-08T12:50:46.954Z",
    "sync_with_vendor": false,
    "trial": true,
    "vendor_renewal_option": null,
    "order": 1,
    "payment_gateway": ""
  },
  "model": "core.subscription",
  "pk": 2
},
{
  "fields": {
    "domain": "test-3.com",
    "invoiced_customer": 3,
    "payment_method": "PAYPAL_AUTO",
    "modified_at": "2016-11-08T12:50:47.085Z",
    "currency": "USD",
    "next_invoice_date": "2017-11-08T12:50:47.074Z",
    "vendor_version": null,
    "renewal_option": "RENEW",
    "trusted": false,
    "bank_auth_id": null,
    "vendor_trial": false,
    "vendor_max_cap": null,
    "max_cap": null,
    "vendor_renewal_data": null,
    "status": "ACTIVE",
    "product": 5,
    "vendor_plan": "ANNUAL_YEARLY",
    "start_plan_date": "2016-11-08T12:50:47.044Z",
    "catalog": 1,
    "expiry_date": "2017-11-15T12:50:47.074Z",
    "saw_price": true,
    "plan": "ANNUAL_YEARLY",
    "vendor_licenses": 10,
    "billable_licenses": 8,
    "vendor_creation_date": null,
    "customer": 3,
    "vendor_status": "PAID",
    "name": "GSC for test-3.com",
    "created_at": "2016-11-08T12:50:47.045Z",
    "install_date": "2016-11-08T12:50:47.046Z",
    "sync_with_vendor": false,
    "trial": true,
    "vendor_renewal_option": null,
    "order": 2,
    "payment_gateway": ""
  },
  "model": "core.subscription",
  "pk": 3
},
{
  "fields": {
    "domain": "test-4.com",
    "invoiced_customer": 4,
    "payment_method": "PAYPAL_AUTO",
    "modified_at": "2016-11-08T12:50:47.160Z",
    "currency": "USD",
    "next_invoice_date": "2016-12-08T12:50:47.148Z",
    "vendor_version": null,
    "renewal_option": "RENEW",
    "trusted": false,
    "bank_auth_id": null,
    "vendor_trial": false,
    "vendor_max_cap": null,
    "max_cap": null,
    "vendor_renewal_data": null,
    "status": "ACTIVE",
    "product": 38,
    "vendor_plan": "ANNUAL_YEARLY",
    "start_plan_date": "2016-11-08T12:50:47.122Z",
    "catalog": 1,
    "expiry_date": "2016-12-15T12:50:47.148Z",
    "saw_price": true,
    "plan": "ANNUAL_YEARLY",
    "vendor_licenses": 15,
    "billable_licenses": 20,
    "vendor_creation_date": null,
    "customer": 4,
    "vendor_status": "PAID",
    "name": "GSC for test-4.com",
    "created_at": "2016-11-08T12:50:47.123Z",
    "install_date": "2016-11-08T12:50:47.124Z",
    "sync_with_vendor": false,
    "trial": true,
    "vendor_renewal_option": null,
    "order": 3,
    "payment_gateway": ""
  },
  "model": "core.subscription",
  "pk": 4
},
{
  "fields": {
    "domain": "test-5.com",
    "invoiced_customer": 5,
    "payment_method": "PAYPAL_AUTO",
    "modified_at": "2016-11-08T12:50:47.246Z",
    "currency": "USD",
    "next_invoice_date": "2017-11-08T12:50:47.234Z",
    "vendor_version": null,
    "renewal_option": "RENEW",
    "trusted": false,
    "bank_auth_id": null,
    "vendor_trial": false,
    "vendor_max_cap": null,
    "max_cap": null,
    "vendor_renewal_data": null,
    "status": "ACTIVE",
    "product": 9,
    "vendor_plan": "ANNUAL_YEARLY",
    "start_plan_date": "2016-11-08T12:50:47.200Z",
    "catalog": 1,
    "expiry_date": "2017-11-15T12:50:47.234Z",
    "saw_price": true,
    "plan": "ANNUAL_YEARLY",
    "vendor_licenses": 20,
    "billable_licenses": 15,
    "vendor_creation_date": null,
    "customer": 5,
    "vendor_status": "PAID",
    "name": "GSC for test-5.com",
    "created_at": "2016-11-08T12:50:47.201Z",
    "install_date": "2016-11-08T12:50:47.202Z",
    "sync_with_vendor": false,
    "trial": true,
    "vendor_renewal_option": null,
    "order": 4,
    "payment_gateway": ""
  },
  "model": "core.subscription",
  "pk": 5
},
{
  "fields": {
    "domain": "test-6.com",
    "invoiced_customer": 6,
    "payment_method": "PAYPAL_AUTO",
    "modified_at": "2016-11-08T12:50:47.371Z",
    "currency": "USD",
    "next_invoice_date": "2016-12-08T12:50:47.343Z",
    "vendor_version": null,
    "renewal_option": "RENEW",
    "trusted": false,
    "bank_auth_id": null,
    "vendor_trial": false,
    "vendor_max_cap": null,
    "max_cap": null,
    "vendor_renewal_data": null,
    "status": "ACTIVE",
    "product": 18,
    "vendor_plan": "ANNUAL_YEARLY",
    "start_plan_date": "2016-11-08T12:50:47.290Z",
    "catalog": 1,
    "expiry_date": "2016-12-15T12:50:47.341Z",
    "saw_price": true,
    "plan": "ANNUAL_YEARLY",
    "vendor_licenses": 100,
    "billable_licenses": 90,
    "vendor_creation_date": null,
    "customer": 6,
    "vendor_status": "PAID",
    "name": "GSC for test-6.com",
    "created_at": "2016-11-08T12:50:47.291Z",
    "install_date": "2016-11-08T12:50:47.292Z",
    "sync_with_vendor": false,
    "trial": true,
    "vendor_renewal_option": null,
    "order": 5,
    "payment_gateway": ""
  },
  "model": "core.subscription",
  "pk": 6
},
{
  "fields": {
    "customer": 2,
    "due_date": "2016-11-08T12:50:46.989Z",
    "terms": null,
    "name": "order for test-2.com",
    "discount": "0.00",
    "tax": "0.00",
    "created_at": "2016-11-08T12:50:46.987Z",
    "modified_at": "2016-11-08T12:50:46.988Z",
    "currency": "USD",
    "status": "PAID",
    "date": "2016-11-08T12:50:46.988Z",
    "conditions": null
  },
  "model": "core.order",
  "pk": 1
},
{
  "fields": {
    "customer": 3,
    "due_date": "2016-11-08T12:50:47.079Z",
    "terms": null,
    "name": "order for test-3.com",
    "discount": "0.00",
    "tax": "0.00",
    "created_at": "2016-11-08T12:50:47.078Z",
    "modified_at": "2016-11-08T12:50:47.079Z",
    "currency": "USD",
    "status": "PAID",
    "date": "2016-11-08T12:50:47.079Z",
    "conditions": null
  },
  "model": "core.order",
  "pk": 2
},
{
  "fields": {
    "customer": 4,
    "due_date": "2016-11-08T12:50:47.151Z",
    "terms": null,
    "name": "order for test-4.com",
    "discount": "0.00",
    "tax": "0.00",
    "created_at": "2016-11-08T12:50:47.150Z",
    "modified_at": "2016-11-08T12:50:47.150Z",
    "currency": "USD",
    "status": "PAID",
    "date": "2016-11-08T12:50:47.151Z",
    "conditions": null
  },
  "model": "core.order",
  "pk": 3
},
{
  "fields": {
    "customer": 5,
    "due_date": "2016-11-08T12:50:47.237Z",
    "terms": null,
    "name": "order for test-5.com",
    "discount": "0.00",
    "tax": "0.00",
    "created_at": "2016-11-08T12:50:47.236Z",
    "modified_at": "2016-11-08T12:50:47.237Z",
    "currency": "USD",
    "status": "PAID",
    "date": "2016-11-08T12:50:47.237Z",
    "conditions": null
  },
  "model": "core.order",
  "pk": 4
},
{
  "fields": {
    "customer": 6,
    "due_date": "2016-11-08T12:50:47.348Z",
    "terms": null,
    "name": "order for test-6.com",
    "discount": "0.00",
    "tax": "0.00",
    "created_at": "2016-11-08T12:50:47.346Z",
    "modified_at": "2016-11-08T12:50:47.347Z",
    "currency": "USD",
    "status": "PAID",
    "date": "2016-11-08T12:50:47.348Z",
    "conditions": null
  },
  "model": "core.order",
  "pk": 5
},
{
  "fields": {
    "product": 34,
    "description": null,
    "sub_total": "5.00",
    "amount": 1,
    "unit_price": "0.00",
    "discount": "0.00",
    "catalog": 1,
    "order": 1,
    "subscription": 2
  },
  "model": "core.orderdetail",
  "pk": 1
},
{
  "fields": {
    "product": 5,
    "description": null,
    "sub_total": "100.00",
    "amount": 1,
    "unit_price": "0.00",
    "discount": "0.00",
    "catalog": 1,
    "order": 2,
    "subscription": 3
  },
  "model": "core.orderdetail",
  "pk": 2
},
{
  "fields": {
    "product": 38,
    "description": null,
    "sub_total": "19.35",
    "amount": 1,
    "unit_price": "0.00",
    "discount": "0.00",
    "catalog": 1,
    "order": 3,
    "subscription": 4
  },
  "model": "core.orderdetail",
  "pk": 3
},
{
  "fields": {
    "product": 9,
    "description": null,
    "sub_total": "200.00",
    "amount": 1,
    "unit_price": "0.00",
    "discount": "0.00",
    "catalog": 1,
    "order": 4,
    "subscription": 5
  },
  "model": "core.orderdetail",
  "pk": 4
},
{
  "fields": {
    "product": 18,
    "description": null,
    "sub_total": "35.00",
    "amount": 1,
    "unit_price": "0.00",
    "discount": "0.00",
    "catalog": 1,
    "order": 5,
    "subscription": 6
  },
  "model": "core.orderdetail",
  "pk": 5
},
{
  "fields": {
    "profile": 1,
    "product_clazz": "GSC"
  },
  "model": "core.profileclazz",
  "pk": 1
},
{
  "fields": {
    "profile": 2,
    "product_clazz": "GSC"
  },
  "model": "core.profileclazz",
  "pk": 2
},
{
  "fields": {
    "profile": 3,
    "product_clazz": "GSC"
  },
  "model": "core.profileclazz",
  "pk": 3
},
{
  "fields": {
    "profile": 4,
    "product_clazz": "GSC"
  },
  "model": "core.profileclazz",
  "pk": 4
},
{
  "fields": {
    "profile": 5,
    "product_clazz": "GSC"
  },
  "model": "core.profileclazz",
  "pk": 5
},
{
  "fields": {
    "vendor_profile": 1,
    "product_clazz": "GSC"
  },
  "model": "core.vendorprofileclazz",
  "pk": 1
},
{
  "fields": {
    "vendor_profile": 2,
    "product_clazz": "GSC"
  },
  "model": "core.vendorprofileclazz",
  "pk": 2
},
{
  "fields": {
    "vendor_profile": 3,
    "product_clazz": "GSC"
  },
  "model": "core.vendorprofileclazz",
  "pk": 3
},
{
  "fields": {
    "vendor_profile": 4,
    "product_clazz": "GSC"
  },
  "model": "core.vendorprofileclazz",
  "pk": 4
},
{
  "fields": {
    "vendor_profile": 5,
    "product_clazz": "GSC"
  },
  "model": "core.vendorprofileclazz",
  "pk": 5
},
{
  "fields": {
    "vendor_profile": 6,
    "product_clazz": "GSC"
  },
  "model": "core.vendorprofileclazz",
  "pk": 6
},
{
  "fields": {
    "customer": 1,
    "lead_id": "1144270000012923001",
    "potential_id": "1144270000012919029",
    "account_id": "1144270000012919025"
  },
  "model": "core.zohocustomerrecord",
  "pk": 1
},
{
  "fields": {
    "user": 1,
    "contact_id": "1144270000012919027"
  },
  "model": "core.zohocontactrecord",
  "pk": 1
}
]
